# MITT body shell.
# Derived from the Gazebo Fuel "SUV" model by Open Robotics (CC0 1.0,
# public domain). Wheels removed, -90deg Z rotation baked in so +X is
# forward, and normalised to a UNIT bounding box: the URDF <scale> is
# therefore the vehicle size in metres, fed from mitt_dimensions.yaml.
# Regenerate with scripts/extract_body.py - see mitt_description/meshes/README.md
mtllib mitt_body.mtl
o mitt_body
v -0.472814 -0.000001 0.683532
v -0.477578 -0.000001 0.370080
v -0.465476 -0.392512 0.370080
v -0.460711 -0.392512 0.683532
v -0.433759 -0.372052 0.989494
v -0.423056 -0.391049 0.988967
v -0.254669 -0.391045 0.989039
v -0.254669 -0.000001 1.000000
v -0.445862 -0.000001 0.999922
v 0.479032 -0.000001 0.547553
v 0.479032 -0.215516 0.547553
v 0.487142 -0.215516 0.406536
v 0.487142 -0.224696 0.406536
v 0.487142 -0.000001 0.406536
v -0.138702 -0.411514 0.195593
v -0.009458 -0.411514 0.182003
v -0.009458 -0.411514 0.659913
v -0.147049 -0.411514 0.659913
v -0.137839 -0.000001 0.147611
v -0.009458 -0.000001 0.134019
v -0.009458 -0.427080 0.134019
v -0.137839 -0.427080 0.147611
v 0.169493 -0.000001 0.967910
v -0.009458 -0.000001 0.986134
v -0.009458 -0.391826 0.975241
v 0.166492 -0.392851 0.951784
v 0.113148 -0.411514 0.177900
v 0.224310 -0.411514 0.174484
v 0.235753 -0.411514 0.543492
v 0.113148 -0.411514 0.601703
v 0.229379 -0.000001 0.128779
v 0.229379 -0.292749 0.128779
v 0.113148 -0.000001 0.131397
v -0.132064 -0.000001 0.993161
v -0.132064 -0.391429 0.982236
v -0.459261 -0.000001 0.967803
v -0.447159 -0.373856 0.957525
v 0.436229 -0.000001 0.300664
v 0.479794 -0.000001 0.296079
v 0.479601 -0.224696 0.295327
v 0.436229 -0.224696 0.300664
v 0.187449 -0.398557 0.658447
v 0.155200 -0.384938 0.876308
v 0.009912 -0.384313 0.889086
v 0.005775 -0.384876 0.877855
v 0.005200 -0.399142 0.687834
v 0.008203 -0.398647 0.674427
v -0.282204 -0.411514 0.681477
v -0.450008 -0.411514 0.683408
v -0.437048 -0.393833 0.942461
v -0.202293 -0.411514 0.242171
v -0.238928 -0.411514 0.443175
v -0.211202 -0.292749 0.221668
v -0.211202 -0.000001 0.221668
v 0.179079 -0.393992 0.933043
v 0.232549 -0.314341 0.695552
v 0.232549 -0.292581 0.695552
v 0.232549 -0.000001 0.695552
v 0.181572 -0.000001 0.947629
v 0.113148 -0.427080 0.131397
v 0.163760 -0.385392 0.864676
v 0.191604 -0.398919 0.670809
v -0.275457 -0.411514 0.489310
v -0.256935 -0.411514 0.476304
v -0.324745 -0.411514 0.496504
v -0.454773 -0.411514 0.369933
v -0.419488 -0.411514 0.369461
v -0.393756 -0.411514 0.465626
v -0.405186 -0.292749 0.369832
v -0.211202 -0.427080 0.221668
v -0.248177 -0.427080 0.418270
v -0.248178 -0.292749 0.418270
v -0.273883 -0.427080 0.460067
v -0.273883 -0.292751 0.460067
v -0.262750 -0.427080 0.441964
v -0.373900 -0.427080 0.462014
v -0.373900 -0.292751 0.462014
v -0.324344 -0.427080 0.461050
v -0.386014 -0.427080 0.443482
v -0.386014 -0.292749 0.443482
v -0.405186 -0.427080 0.369832
v 0.362150 -0.000001 0.645711
v 0.362577 -0.139501 0.645760
v 0.443820 -0.139501 0.585462
v 0.443996 -0.000001 0.584476
v 0.467044 -0.411514 0.402638
v 0.459910 -0.411514 0.525468
v 0.433579 -0.411514 0.457218
v 0.445737 -0.411514 0.396568
v 0.277060 -0.411514 0.454391
v 0.294665 -0.411514 0.490372
v 0.274531 -0.396077 0.627181
v 0.299013 -0.386627 0.673948
v 0.227143 -0.411514 0.676368
v 0.234203 -0.411514 0.649117
v 0.420637 -0.411514 0.479590
v 0.415981 -0.411514 0.568932
v 0.427118 -0.427080 0.439678
v 0.427118 -0.292749 0.439678
v 0.436229 -0.292749 0.394298
v 0.436229 -0.427080 0.394298
v 0.414118 -0.427080 0.459917
v 0.414118 -0.292749 0.459917
v 0.349379 -0.427080 0.474959
v 0.349379 -0.292749 0.474959
v 0.297180 -0.427080 0.464698
v 0.297180 -0.292749 0.464698
v 0.229379 -0.427080 0.128779
v 0.284640 -0.292749 0.438040
v 0.284640 -0.427080 0.438040
v 0.436229 -0.000001 0.394298
v 0.349263 -0.411514 0.498829
v -0.379949 -0.411514 0.493772
v 0.260037 -0.400833 0.538184
v 0.274485 -0.396077 0.536699
v 0.236200 -0.411514 0.593060
v 0.274531 -0.411514 0.627181
v 0.346267 -0.411514 0.606376
v 0.348751 -0.391418 0.616943
v 0.417312 -0.367160 0.586035
v 0.465965 -0.343844 0.539445
v 0.474382 -0.343844 0.404732
v 0.352562 -0.378340 0.650231
v 0.420923 -0.360894 0.605034
v 0.475288 -0.339765 0.547553
v 0.483400 -0.339765 0.406536
v 0.260037 -0.411514 0.538184
v 0.274485 -0.411514 0.536699
v 0.298972 -0.301840 0.674052
v 0.298864 -0.000001 0.674342
v 0.293581 -0.383221 0.695210
v 0.293551 -0.309705 0.695301
v 0.237682 -0.298939 0.713909
v 0.228973 -0.402246 0.713922
v 0.189199 -0.412187 0.649749
v 0.156251 -0.397140 0.889969
v 0.167035 -0.397967 0.875350
v 0.196389 -0.412189 0.670969
v 0.008280 -0.396407 0.902962
v 0.005883 -0.412187 0.666071
v 0.001091 -0.412187 0.687290
v 0.001691 -0.397416 0.885097
v -0.182968 -0.395628 0.915868
v -0.034398 -0.396181 0.906125
v -0.027209 -0.397100 0.889881
v -0.029007 -0.412236 0.690475
v -0.043983 -0.412236 0.669256
v -0.193152 -0.412236 0.672522
v -0.203336 -0.412236 0.705165
v -0.190756 -0.396363 0.902875
v -0.198981 -0.398711 0.705621
v -0.191278 -0.398465 0.680839
v -0.181868 -0.383454 0.901904
v -0.187046 -0.383599 0.893219
v -0.031391 -0.384634 0.882043
v -0.035949 -0.384127 0.892359
v -0.044986 -0.398667 0.677680
v -0.033080 -0.398951 0.694611
v 0.472089 -0.226895 0.515353
v 0.472089 -0.236084 0.529457
v 0.468346 -0.307767 0.529457
v 0.468346 -0.316957 0.515353
v 0.468346 -0.316957 0.433090
v 0.468346 -0.307767 0.418986
v 0.472089 -0.236084 0.418986
v 0.472089 -0.226895 0.433090
v 0.482012 -0.321989 0.431569
v 0.476676 -0.321989 0.522520
v 0.475904 -0.312799 0.536465
v 0.479646 -0.231052 0.536465
v 0.479063 -0.215836 0.546993
v 0.480419 -0.221862 0.522520
v 0.485756 -0.221862 0.431569
v 0.486528 -0.231052 0.417625
v 0.482786 -0.312799 0.417625
v 0.436229 -0.224696 0.394298
v 0.443757 -0.164663 0.585820
v 0.362731 -0.164663 0.645776
v 0.392337 -0.164663 0.650974
v 0.392400 -0.139501 0.650619
v 0.377270 -0.139501 0.658115
v 0.377424 -0.164663 0.658131
v 0.450372 -0.258958 0.125806
v 0.455809 -0.000001 0.125806
v 0.495657 -0.000001 0.205365
v 0.490213 -0.277609 0.205365
v 0.470107 -0.311885 0.287557
v 0.475653 -0.000001 0.287557
v 0.477684 -0.000001 0.269642
v 0.472138 -0.306216 0.269642
v 0.490226 -0.311885 0.388013
v 0.492439 -0.181680 0.388013
v 0.473149 -0.181680 0.409018
v 0.470936 -0.311885 0.409018
v 0.494551 -0.293696 0.269642
v 0.500000 -0.000001 0.269642
v 0.495093 -0.000001 0.289683
v 0.491223 -0.212550 0.289683
v 0.489643 -0.299365 0.289683
v 0.468614 -0.407286 0.401759
v 0.467018 -0.407286 0.319832
v 0.481397 -0.380062 0.329546
v 0.482073 -0.380062 0.389551
v 0.439096 -0.000001 0.112920
v 0.433661 -0.256059 0.112920
v 0.437817 -0.272740 0.130247
v 0.489712 -0.300867 0.301485
v 0.491901 -0.181680 0.296828
v 0.488506 -0.324079 0.298505
v 0.446427 -0.276008 0.144068
v 0.485470 -0.294281 0.221964
v 0.486337 -0.306216 0.269642
v 0.481438 -0.311885 0.288693
v 0.495174 -0.000001 0.296828
v 0.476717 -0.181680 0.296828
v -0.406762 -0.429717 0.369956
v -0.485217 -0.429717 0.369956
v -0.485217 -0.429717 0.275690
v -0.441124 -0.429717 0.223136
v -0.425814 -0.429717 0.223136
v -0.441124 -0.000001 0.166424
v -0.429787 -0.000001 0.166424
v -0.429787 -0.294217 0.166424
v -0.441124 -0.294217 0.166424
v -0.500000 -0.000001 0.275690
v -0.496677 -0.294217 0.275690
v -0.428456 -0.294217 0.186344
v -0.500000 -0.000001 0.369956
v -0.496677 -0.294217 0.369956
v -0.441124 -0.294217 0.186344
v -0.406762 -0.294217 0.369956
v -0.406762 -0.382638 0.369956
v -0.406762 -0.000001 0.369956
v -0.458994 -0.366987 0.369956
v -0.461294 -0.294217 0.369956
v -0.470589 -0.000001 0.369956
v -0.460711 0.392510 0.683532
v -0.465476 0.392510 0.370080
v -0.254669 0.391045 0.989039
v -0.423056 0.391047 0.988967
v -0.433759 0.372050 0.989494
v 0.487142 0.224696 0.406536
v 0.487142 0.215513 0.406536
v 0.479032 0.215513 0.547553
v -0.138702 0.411512 0.195593
v -0.147049 0.411512 0.659913
v -0.009458 0.411512 0.659913
v -0.009458 0.411512 0.182003
v -0.137839 0.427078 0.147611
v -0.009458 0.427078 0.134019
v 0.166492 0.392849 0.951784
v -0.009458 0.391823 0.975241
v 0.113148 0.411512 0.177900
v 0.113148 0.411512 0.601703
v 0.235753 0.411512 0.543492
v 0.224310 0.411512 0.174484
v 0.229379 0.292749 0.128779
v -0.132064 0.391429 0.982236
v -0.447159 0.373856 0.957525
v 0.436229 0.224696 0.300664
v 0.479601 0.224696 0.295327
v 0.005200 0.399140 0.687834
v 0.005775 0.384876 0.877855
v 0.009912 0.384313 0.889086
v 0.155200 0.384936 0.876308
v 0.187449 0.398557 0.658447
v 0.008203 0.398644 0.674427
v -0.450008 0.411512 0.683408
v -0.437048 0.393833 0.942461
v -0.282204 0.411512 0.681477
v -0.202293 0.411512 0.242171
v -0.238928 0.411512 0.443175
v -0.211202 0.292747 0.221668
v 0.232549 0.292579 0.695552
v 0.232549 0.314341 0.695552
v 0.179079 0.393989 0.933043
v 0.113148 0.427078 0.131397
v 0.163760 0.385390 0.864676
v 0.191604 0.398916 0.670809
v -0.275457 0.411514 0.489310
v -0.256935 0.411512 0.476304
v -0.324745 0.411514 0.496504
v -0.454773 0.411512 0.369933
v -0.393756 0.411512 0.465626
v -0.419488 0.411512 0.369461
v -0.405186 0.292747 0.369832
v -0.211202 0.427078 0.221668
v -0.248177 0.427078 0.418270
v -0.248178 0.292747 0.418270
v -0.262750 0.427078 0.441964
v -0.273883 0.427080 0.460067
v -0.273883 0.292749 0.460067
v -0.324344 0.427080 0.461050
v -0.373900 0.427078 0.462014
v -0.373900 0.292749 0.462014
v -0.386014 0.427078 0.443482
v -0.386014 0.292749 0.443482
v -0.405186 0.427078 0.369832
v 0.443820 0.139499 0.585462
v 0.362577 0.139499 0.645760
v 0.467044 0.411512 0.402638
v 0.445737 0.411512 0.396568
v 0.433579 0.411512 0.457218
v 0.459910 0.411512 0.525468
v 0.277060 0.411512 0.454391
v 0.294665 0.411512 0.490372
v 0.274531 0.396075 0.627181
v 0.234203 0.411512 0.649117
v 0.227143 0.411512 0.676368
v 0.299013 0.386625 0.673948
v 0.420637 0.411512 0.479590
v 0.415981 0.411512 0.568932
v 0.427118 0.427078 0.439678
v 0.436229 0.427078 0.394298
v 0.436229 0.292749 0.394298
v 0.427118 0.292749 0.439678
v 0.414118 0.427078 0.459917
v 0.414118 0.292749 0.459917
v 0.349379 0.427078 0.474959
v 0.349379 0.292749 0.474959
v 0.297180 0.427078 0.464698
v 0.297180 0.292749 0.464698
v 0.229379 0.427078 0.128779
v 0.284640 0.427078 0.438040
v 0.284640 0.292749 0.438040
v 0.349263 0.411512 0.498829
v -0.379949 0.411512 0.493772
v 0.260037 0.400831 0.538184
v 0.236200 0.411512 0.593060
v 0.274485 0.396075 0.536699
v 0.274531 0.411512 0.627181
v 0.348751 0.391416 0.616943
v 0.346267 0.411512 0.606376
v 0.417312 0.367157 0.586035
v 0.465965 0.343842 0.539445
v 0.474382 0.343842 0.404732
v 0.352562 0.378338 0.650231
v 0.420923 0.360892 0.605034
v 0.475288 0.339763 0.547553
v 0.483400 0.339763 0.406536
v 0.274485 0.411512 0.536699
v 0.260037 0.411512 0.538184
v 0.298972 0.301838 0.674052
v 0.293581 0.383219 0.695210
v 0.228973 0.402244 0.713922
v 0.237682 0.298936 0.713909
v 0.293551 0.309705 0.695301
v 0.167035 0.397965 0.875350
v 0.156251 0.397140 0.889969
v 0.196389 0.412187 0.670969
v 0.189199 0.412187 0.649749
v 0.001091 0.412185 0.687290
v 0.005883 0.412185 0.666071
v 0.001691 0.397414 0.885097
v 0.008280 0.396404 0.902962
v -0.034398 0.396179 0.906125
v -0.182968 0.395628 0.915868
v -0.027209 0.397098 0.889881
v -0.029007 0.412233 0.690475
v -0.043983 0.412233 0.669256
v -0.190756 0.396361 0.902875
v -0.203336 0.412233 0.705165
v -0.193152 0.412233 0.672522
v -0.198981 0.398711 0.705621
v -0.187046 0.383597 0.893219
v -0.181868 0.383452 0.901904
v -0.191278 0.398462 0.680839
v -0.044986 0.398665 0.677680
v -0.035949 0.384124 0.892359
v -0.031391 0.384631 0.882043
v -0.033080 0.398951 0.694611
v 0.472089 0.236082 0.418986
v 0.468346 0.307767 0.418986
v 0.468346 0.316954 0.433090
v 0.468346 0.316954 0.515353
v 0.468346 0.307767 0.529457
v 0.472089 0.236082 0.529457
v 0.472089 0.226892 0.515353
v 0.472089 0.226892 0.433090
v 0.476676 0.321987 0.522520
v 0.482012 0.321987 0.431569
v 0.479063 0.215834 0.546993
v 0.479646 0.231049 0.536465
v 0.475904 0.312799 0.536465
v 0.485756 0.221860 0.431569
v 0.480419 0.221860 0.522520
v 0.482786 0.312799 0.417625
v 0.486528 0.231049 0.417625
v 0.436229 0.224696 0.394298
v 0.443757 0.164663 0.585820
v 0.362731 0.164663 0.645776
v 0.392337 0.164663 0.650974
v 0.377424 0.164663 0.658131
v 0.377270 0.139499 0.658115
v 0.392400 0.139499 0.650619
v 0.450372 0.258955 0.125806
v 0.490213 0.277607 0.205365
v 0.470107 0.311882 0.287557
v 0.472138 0.306214 0.269642
v 0.490226 0.311882 0.388013
v 0.470936 0.311882 0.409018
v 0.473149 0.181678 0.409018
v 0.492439 0.181678 0.388013
v 0.494551 0.293696 0.269642
v 0.489643 0.299363 0.289683
v 0.491223 0.212548 0.289683
v 0.468614 0.407283 0.401759
v 0.482073 0.380060 0.389551
v 0.481397 0.380060 0.329546
v 0.467018 0.407283 0.319832
v 0.433661 0.256059 0.112920
v 0.437817 0.272738 0.130247
v 0.491901 0.181678 0.296828
v 0.489712 0.300865 0.301485
v 0.488506 0.324077 0.298505
v 0.485470 0.294281 0.221964
v 0.446427 0.276008 0.144068
v 0.486337 0.306214 0.269642
v 0.481438 0.311882 0.288693
v 0.476717 0.181678 0.296828
v -0.485217 0.429714 0.275690
v -0.485217 0.429714 0.369956
v -0.406762 0.429714 0.369956
v -0.441124 0.429714 0.223136
v -0.425814 0.429714 0.223136
v -0.441124 0.294215 0.166424
v -0.429787 0.294215 0.166424
v -0.496677 0.294215 0.275690
v -0.428456 0.294215 0.186344
v -0.496677 0.294215 0.369956
v -0.441124 0.294215 0.186344
v -0.406762 0.382636 0.369956
v -0.406762 0.294215 0.369956
v -0.458994 0.366985 0.369956
v -0.461294 0.294215 0.369956
v 0.360276 0.048727 0.039853
v 0.370992 0.034680 0.048802
v 0.370318 0.019787 0.027833
v 0.359334 0.027896 0.010525
v 0.361562 0.056352 0.079915
v 0.371911 0.040132 0.077446
v 0.362849 0.048727 0.119976
v 0.372831 0.034680 0.106091
v 0.363790 0.027896 0.149305
v 0.373504 0.019787 0.127063
v 0.364128 -0.000001 0.159826
v 0.373744 -0.000001 0.134527
v 0.335210 0.027896 0.016276
v 0.336152 0.048727 0.045601
v 0.337438 0.056352 0.085666
v 0.338725 0.048727 0.125727
v 0.339667 0.027896 0.155056
v 0.340004 -0.000001 0.165577
v 0.292254 0.015878 0.082032
v 0.291940 0.008931 0.072249
v 0.292683 0.018422 0.095393
v 0.293112 0.015878 0.108754
v 0.293427 0.008931 0.118537
v 0.293534 -0.000001 0.121908
v 0.370079 -0.000001 0.020369
v 0.376356 -0.000001 0.076388
v 0.376374 -0.000001 0.075926
v 0.376402 -0.000001 0.076834
v 0.358996 -0.000001 0.000000
v 0.334872 -0.000001 0.005751
v 0.291832 -0.000001 0.068882
v 0.360276 -0.048729 0.039853
v 0.359334 -0.027898 0.010525
v 0.370318 -0.019787 0.027833
v 0.370992 -0.034682 0.048802
v 0.361562 -0.056355 0.079915
v 0.371911 -0.040134 0.077446
v 0.362849 -0.048729 0.119976
v 0.372831 -0.034682 0.106091
v 0.363790 -0.027898 0.149305
v 0.373504 -0.019787 0.127063
v 0.336152 -0.048729 0.045601
v 0.335210 -0.027898 0.016276
v 0.337438 -0.056355 0.085666
v 0.338725 -0.048729 0.125727
v 0.339667 -0.027898 0.155056
v 0.292254 -0.015881 0.082032
v 0.291940 -0.008933 0.072249
v 0.292683 -0.018422 0.095393
v 0.293112 -0.015881 0.108754
v 0.293427 -0.008933 0.118537
v 0.020858 0.008931 0.136871
v 0.021171 0.015878 0.146654
v 0.021600 0.018422 0.160015
v 0.022029 0.015878 0.173377
v 0.022343 0.008931 0.183159
v 0.022452 -0.000001 0.186527
v 0.020749 -0.000001 0.133501
v 0.021171 -0.015881 0.146654
v 0.020858 -0.008933 0.136871
v 0.021600 -0.018422 0.160015
v 0.022029 -0.015881 0.173377
v 0.022343 -0.008933 0.183159
v -0.331331 0.048727 0.039853
v -0.330389 0.027896 0.010525
v -0.341374 0.019787 0.027833
v -0.342047 0.034682 0.048802
v -0.332618 0.056352 0.079915
v -0.342967 0.040132 0.077446
v -0.333904 0.048727 0.119976
v -0.343886 0.034682 0.106091
v -0.334846 0.027896 0.149305
v -0.344559 0.019787 0.127063
v -0.344799 -0.000001 0.134527
v -0.335183 -0.000001 0.159826
v -0.307207 0.048727 0.045604
v -0.306265 0.027896 0.016276
v -0.308494 0.056352 0.085666
v -0.309780 0.048727 0.125727
v -0.310722 0.027896 0.155056
v -0.311060 -0.000001 0.165577
v -0.263309 0.015878 0.082032
v -0.262995 0.008931 0.072249
v -0.263738 0.018422 0.095393
v -0.264167 0.015878 0.108754
v -0.264482 0.008931 0.118537
v -0.264589 -0.000001 0.121908
v -0.341134 -0.000001 0.020369
v -0.347411 -0.000001 0.076388
v -0.347429 -0.000001 0.075926
v -0.347459 -0.000001 0.076834
v -0.330052 -0.000001 0.000000
v -0.305928 -0.000001 0.005751
v -0.262887 -0.000001 0.068882
v -0.331331 -0.048729 0.039853
v -0.342047 -0.034682 0.048802
v -0.341374 -0.019787 0.027833
v -0.330389 -0.027898 0.010525
v -0.332618 -0.056355 0.079915
v -0.342967 -0.040134 0.077446
v -0.333904 -0.048729 0.119976
v -0.343886 -0.034682 0.106091
v -0.334846 -0.027898 0.149305
v -0.344559 -0.019787 0.127063
v -0.306265 -0.027898 0.016276
v -0.307207 -0.048729 0.045604
v -0.308494 -0.056355 0.085666
v -0.309780 -0.048729 0.125727
v -0.310722 -0.027898 0.155056
v -0.263309 -0.015881 0.082032
v -0.262995 -0.008933 0.072249
v -0.263738 -0.018422 0.095393
v -0.264167 -0.015881 0.108754
v -0.264482 -0.008933 0.118537
v 0.007773 0.015878 0.146654
v 0.008087 0.008931 0.136871
v 0.007344 0.018422 0.160015
v 0.006915 0.015878 0.173377
v 0.006600 0.008931 0.183159
v 0.006493 -0.000001 0.186527
v 0.008196 -0.000001 0.133501
v 0.008087 -0.008933 0.136871
v 0.007773 -0.015881 0.146654
v 0.007344 -0.018422 0.160015
v 0.006915 -0.015881 0.173377
v 0.006600 -0.008933 0.183159
v -0.313990 -0.339779 0.113776
v -0.307425 -0.339779 0.082790
v -0.307425 -0.020644 0.082790
v -0.313990 -0.020644 0.113776
v -0.327121 -0.339779 0.113776
v -0.327121 -0.020644 0.113776
v -0.333687 -0.339779 0.082790
v -0.333687 -0.020644 0.082790
v -0.327121 -0.339779 0.051805
v -0.327121 -0.020644 0.051805
v -0.313990 -0.339779 0.051805
v -0.313990 -0.020644 0.051805
v -0.313990 0.339777 0.113776
v -0.313990 0.020641 0.113776
v -0.307425 0.020641 0.082790
v -0.307425 0.339777 0.082790
v -0.327121 0.339777 0.113776
v -0.327121 0.020641 0.113776
v -0.333687 0.339777 0.082790
v -0.333687 0.020641 0.082790
v -0.327121 0.339777 0.051805
v -0.327121 0.020641 0.051805
v -0.313990 0.339777 0.051805
v -0.313990 0.020641 0.051805
v 0.342935 -0.339779 0.113776
v 0.342935 -0.020644 0.113776
v 0.336369 -0.020644 0.082790
v 0.336369 -0.339779 0.082790
v 0.356066 -0.339779 0.113776
v 0.356066 -0.020644 0.113776
v 0.362631 -0.339779 0.082790
v 0.362631 -0.020644 0.082790
v 0.356066 -0.339779 0.051805
v 0.356066 -0.020644 0.051805
v 0.342935 -0.339779 0.051805
v 0.342935 -0.020644 0.051805
v 0.342935 0.339777 0.113776
v 0.336369 0.339777 0.082790
v 0.336369 0.020641 0.082790
v 0.342935 0.020641 0.113776
v 0.356066 0.339777 0.113776
v 0.356066 0.020641 0.113776
v 0.362631 0.339777 0.082790
v 0.362631 0.020641 0.082790
v 0.356066 0.339777 0.051805
v 0.356066 0.020641 0.051805
v 0.342935 0.339777 0.051805
v 0.342935 0.020641 0.051805
v 0.184424 0.401571 0.690029
v 0.184424 0.401571 0.665358
v 0.184424 0.413399 0.665358
v 0.180161 0.488098 0.665358
v 0.179778 0.494599 0.676075
v 0.179778 0.494599 0.720510
v 0.184424 0.411853 0.696894
v 0.175902 0.500000 0.673557
v 0.175902 0.493497 0.662844
v 0.175902 0.413399 0.662844
v 0.175902 0.401571 0.662844
v 0.175902 0.401571 0.690029
v 0.175902 0.411853 0.696894
v 0.175902 0.500000 0.723001
v 0.180161 0.488098 0.730090
v 0.175902 0.493497 0.732582
v 0.175902 0.420695 0.732582
v 0.183888 0.423260 0.730090
v 0.184424 0.414478 0.717595
v 0.175902 0.411853 0.720086
v 0.184431 0.411565 0.634655
v 0.175909 0.411565 0.632141
v 0.184431 0.401571 0.634655
v 0.175909 0.401571 0.632141
v 0.184424 -0.411855 0.696894
v 0.179778 -0.494601 0.720510
v 0.179778 -0.494601 0.676075
v 0.184424 -0.401573 0.690029
v 0.180161 -0.488098 0.665358
v 0.184424 -0.413399 0.665358
v 0.184424 -0.401573 0.665358
v 0.175902 -0.500000 0.723001
v 0.175902 -0.411855 0.696894
v 0.175902 -0.401573 0.690029
v 0.175902 -0.500000 0.673557
v 0.175902 -0.401573 0.662844
v 0.175902 -0.413399 0.662844
v 0.175902 -0.493499 0.662844
v 0.180161 -0.488098 0.730090
v 0.183888 -0.423262 0.730090
v 0.175902 -0.420697 0.732582
v 0.175902 -0.493499 0.732582
v 0.184424 -0.414480 0.717595
v 0.175902 -0.411855 0.720086
v 0.175909 -0.411567 0.632141
v 0.184431 -0.411567 0.634655
v 0.184431 -0.401573 0.634655
v 0.175909 -0.401573 0.632141
vt 0.640300 0.868300
vt 0.640300 0.970300
vt 0.836500 0.969500
vt 0.836300 0.867400
vt 0.029100 0.567400
vt 0.037700 0.557700
vt 0.186900 0.557700
vt 0.186900 0.752800
vt 0.016700 0.752800
vt 0.646100 0.316600
vt 0.749600 0.316600
vt 0.749600 0.364700
vt 0.754000 0.364700
vt 0.646100 0.364700
vt 0.297400 0.261500
vt 0.415000 0.266000
vt 0.415000 0.108600
vt 0.289800 0.108600
vt 0.311100 0.524800
vt 0.425000 0.524800
vt 0.425000 0.311700
vt 0.311200 0.311800
vt 0.563000 0.752800
vt 0.404300 0.752800
vt 0.404300 0.557300
vt 0.560300 0.556800
vt 0.526600 0.267300
vt 0.627800 0.268500
vt 0.638200 0.146900
vt 0.526600 0.127700
vt 0.636600 0.524800
vt 0.636600 0.378700
vt 0.533600 0.524800
vt 0.295600 0.752800
vt 0.295600 0.557400
vt 0.640300 0.775200
vt 0.827300 0.777500
vt 0.898400 0.080800
vt 0.898800 0.042200
vt 0.786700 0.042200
vt 0.785600 0.080800
vt 0.592500 0.107100
vt 0.564100 0.035300
vt 0.435200 0.030200
vt 0.431200 0.034800
vt 0.431500 0.097200
vt 0.436500 0.102200
vt 0.166800 0.101500
vt 0.191900 0.000200
vt 0.038600 0.000200
vt 0.014100 0.100800
vt 0.025900 0.015500
vt 0.239500 0.246200
vt 0.206200 0.180000
vt 0.242000 0.379200
vt 0.241200 0.524800
vt 0.573400 0.556500
vt 0.665000 0.594700
vt 0.665300 0.605700
vt 0.668300 0.752800
vt 0.575200 0.752800
vt 0.533600 0.311600
vt 0.569000 0.040500
vt 0.594700 0.104200
vt 0.172900 0.164800
vt 0.189800 0.169000
vt 0.128100 0.162400
vt 0.009700 0.204100
vt 0.041900 0.204200
vt 0.065300 0.172600
vt 0.064200 0.377300
vt -0.000000 0.524800
vt 0.241900 0.311800
vt 0.553400 0.831000
vt 0.620400 0.831000
vt 0.620400 0.759200
vt 0.553400 0.759200
vt 0.553400 0.857500
vt 0.620400 0.857500
vt 0.553400 0.846000
vt 0.553400 0.946100
vt 0.620400 0.946100
vt 0.553400 0.902200
vt 0.553400 0.958400
vt 0.620400 0.958400
vt 0.553400 0.987800
vt 0.620400 0.987800
vt 0.417800 0.977900
vt 0.418000 0.908100
vt 0.493300 0.908200
vt 0.493300 0.977900
vt 0.848700 0.193300
vt 0.842200 0.152900
vt 0.818200 0.175300
vt 0.829300 0.195300
vt 0.638200 0.146900
vt 0.675800 0.176300
vt 0.691800 0.164400
vt 0.665600 0.118600
vt 0.695800 0.103900
vt 0.630300 0.103100
vt 0.636800 0.112100
vt 0.806400 0.168000
vt 0.802200 0.138500
vt 0.016800 0.975600
vt 0.016800 0.908600
vt 0.000000 0.908600
vt -0.000000 0.975600
vt 0.030100 0.975600
vt 0.030100 0.908600
vt 0.087600 0.975600
vt 0.087600 0.908600
vt 0.134000 0.975600
vt 0.134000 0.908600
vt 0.260000 0.975600
vt 0.260000 0.908600
vt 0.148100 0.908600
vt 0.148100 0.975600
vt 0.636600 0.311600
vt 0.839100 0.524800
vt 0.839100 0.378700
vt 0.990100 0.547900
vt 0.989400 0.734800
vt 0.973900 0.733800
vt 0.963900 0.726800
vt 0.922200 0.640700
vt 0.937500 0.680700
vt 0.925100 0.628100
vt -0.000000 0.752800
vt 0.014300 0.566000
vt 0.820600 0.196100
vt 0.812300 0.181100
vt 0.741500 0.161600
vt 0.741600 0.169500
vt 0.800500 0.174400
vt 0.694100 0.172900
vt 0.682700 0.181700
vt 0.632400 0.283500
vt 0.526600 0.282700
vt 0.415000 0.281800
vt 0.298200 0.277300
vt 0.231400 0.252900
vt 0.197800 0.188200
vt 0.174400 0.174400
vt 0.184500 0.180400
vt 0.077800 0.163300
vt 0.083300 0.173800
vt 0.128400 0.174100
vt 0.072300 0.179900
vt 0.054900 0.204100
vt 0.657000 0.147800
vt 0.665500 0.147700
vt 0.638100 0.132100
vt 0.366700 0.765100
vt 0.430600 0.766800
vt 0.432100 0.777500
vt 0.493800 0.789300
vt 0.493600 0.766400
vt 0.523800 0.767300
vt 0.526400 0.797700
vt 0.850900 0.324100
vt 0.850900 0.366100
vt 0.818400 0.365300
vt 0.818400 0.319300
vt 0.665600 0.118600
vt 0.741000 0.122700
vt 0.744500 0.111800
vt 0.806700 0.126600
vt 0.803400 0.132900
vt 0.847700 0.148200
vt 0.856200 0.145600
vt 0.809300 0.364700
vt 0.809300 0.316600
vt 0.657000 0.147800
vt 0.738800 0.126200
vt 0.665500 0.147700
vt 0.681100 0.305000
vt 0.680200 0.281800
vt 0.673600 0.280800
vt 0.683700 0.256600
vt 0.677100 0.255700
vt 0.683200 0.245400
vt 0.678600 0.244700
vt 0.682000 0.221100
vt 0.301400 0.977900
vt 0.301400 0.830200
vt 0.360900 0.827000
vt 0.360700 0.977900
vt 0.353800 0.784900
vt 0.353900 0.821200
vt 0.305000 0.825000
vt 0.296400 0.775000
vt 0.690800 0.096900
vt 0.632000 0.090800
vt 0.297200 0.819300
vt 0.297800 0.830100
vt 0.361600 0.784200
vt 0.595800 0.111900
vt 0.586600 0.018600
vt 0.575100 0.012400
vt 0.566200 0.030300
vt 0.574900 0.034900
vt 0.602400 0.104900
vt 0.433700 0.025600
vt 0.415000 0.004700
vt 0.432100 0.106900
vt 0.425000 0.100900
vt 0.425500 0.031500
vt 0.303400 0.002400
vt 0.256300 0.022300
vt 0.391700 0.024000
vt 0.398900 0.032800
vt 0.397200 0.098500
vt 0.383600 0.105500
vt 0.247800 0.104400
vt 0.238600 0.093700
vt 0.248500 0.028300
vt 0.243700 0.090800
vt 0.251100 0.098400
vt 0.257500 0.027700
vt 0.253400 0.031700
vt 0.391000 0.035600
vt 0.386800 0.029900
vt 0.379800 0.101500
vt 0.387300 0.094200
vt 0.919000 0.451900
vt 0.929200 0.459700
vt 0.929200 0.521300
vt 0.919000 0.529200
vt 0.859500 0.529200
vt 0.849300 0.521300
vt 0.849300 0.459700
vt 0.859500 0.451900
vt 0.800800 0.356200
vt 0.800800 0.325100
vt 0.796300 0.320400
vt 0.757100 0.320400
vt 0.749800 0.316800
vt 0.752700 0.325100
vt 0.752700 0.356200
vt 0.757100 0.360900
vt 0.796300 0.360900
vt 0.862000 0.853000
vt 0.870400 0.853000
vt 0.870400 0.821300
vt 0.862000 0.821300
vt 0.862000 0.814000
vt 0.870400 0.814000
vt 0.870400 0.770900
vt 0.862000 0.770900
vt 0.862000 0.953700
vt 0.870400 0.953700
vt 0.870400 0.922000
vt 0.862000 0.922000
vt 0.862000 0.903400
vt 0.870400 0.903400
vt 0.870400 0.860300
vt 0.862000 0.860300
vt 0.752000 0.034700
vt 0.757400 0.034700
vt 0.695100 0.038000
vt 0.693100 0.046100
vt 0.659200 0.052600
vt 0.659200 0.071700
vt 0.651400 0.080200
vt 0.718700 0.080200
vt 0.753500 0.080100
vt 0.898200 0.111300
vt 0.785700 0.111300
vt 0.786500 0.005300
vt 0.899000 0.005300
vt 0.283800 0.772100
vt 0.667000 0.545600
vt 0.493200 0.895600
vt 0.418200 0.895500
vt 0.409300 0.788800
vt 0.471600 0.797700
vt 0.526800 0.870100
vt 0.526800 0.977900
vt 0.523300 0.808000
vt 0.443700 0.895500
vt 0.443800 0.908100
vt 0.430900 0.908100
vt 0.431100 0.895500
vt 0.816900 0.758700
vt 0.767500 0.749900
vt 0.754100 0.751100
vt 0.742600 0.758400
vt 0.742500 0.758600
vt 0.754000 0.751300
vt 0.767600 0.750200
vt 0.817000 0.759000
vt 0.969000 0.731700
vt 0.926700 0.623100
vt 0.924400 0.648100
vt 0.959600 0.724800
vt 0.996000 0.737000
vt 0.967400 0.569600
vt 0.008400 0.100800
vt 0.004100 0.204000
vt 0.020000 0.012300
vt 0.031000 0.000000
vt 0.862000 0.961000
vt 0.870400 0.961000
vt 0.805400 0.661400
vt 0.800100 0.531800
vt 0.756100 0.531800
vt 0.762200 0.670600
vt 0.161000 0.286200
vt 0.004600 0.283900
vt 0.004600 0.290000
vt 0.158000 0.292200
vt 0.702500 0.690100
vt 0.699200 0.625100
vt 0.680600 0.626700
vt 0.684300 0.692500
vt 0.741800 0.678700
vt 0.735000 0.531800
vt 0.727300 0.531800
vt 0.732300 0.638900
vt 0.734900 0.683200
vt 0.698500 0.743000
vt 0.725300 0.743300
vt 0.721700 0.724700
vt 0.702100 0.724700
vt 0.004800 0.351600
vt 0.133200 0.353900
vt 0.141500 0.347100
vt 0.730600 0.683700
vt 0.729200 0.623600
vt 0.820600 0.660700
vt 0.815700 0.531800
vt 0.691900 0.740300
vt 0.209400 0.249700
vt 0.161600 0.246700
vt 0.209000 0.276500
vt 0.730700 0.695600
vt 0.808300 0.717500
vt 0.761200 0.732100
vt 0.768900 0.733300
vt 0.806700 0.735000
vt 0.816500 0.724500
vt 0.817500 0.717600
vt 0.810700 0.712200
vt 0.728600 0.742100
vt 0.747900 0.697100
vt 0.738700 0.692800
vt 0.760600 0.680800
vt 0.805600 0.672300
vt 0.743800 0.687600
vt 0.814800 0.670200
vt 0.725000 0.531800
vt 0.868300 0.350600
vt 0.881800 0.350600
vt 0.885000 0.314100
vt 0.867900 0.320900
vt 0.865400 0.441200
vt 0.878900 0.441200
vt 0.095600 0.281700
vt 0.004600 0.280400
vt 0.096400 0.245800
vt 0.271800 0.780000
vt 0.197000 0.778900
vt 0.196500 0.811900
vt 0.238300 0.830900
vt 0.252800 0.831100
vt -0.000000 0.876500
vt 0.000000 0.887300
vt 0.133900 0.886900
vt 0.133900 0.876100
vt 0.000000 0.808800
vt 0.133700 0.811000
vt 0.841600 0.740400
vt 0.848700 0.605100
vt 0.841500 0.605100
vt 0.000100 0.776000
vt 0.134200 0.778000
vt 0.203500 0.857200
vt 0.142100 0.871900
vt 0.144900 0.883600
vt 0.206800 0.871400
vt 0.861800 0.542700
vt 0.916700 0.605100
vt 0.916700 0.564400
vt 0.916700 0.542700
vt 0.262000 0.890000
vt 0.270400 0.892100
vt 0.272800 0.886900
vt 0.263400 0.884600
vt 0.228100 0.850100
vt 0.916700 0.740400
vt 0.860400 0.272900
vt 0.862300 0.244000
vt 0.891700 0.244000
vt 0.882200 0.297800
vt 0.817000 0.297800
vt 0.817000 0.279100
vt 0.870000 0.127200
vt 0.894400 0.127200
vt 0.640300 0.868300
vt 0.836300 0.867400
vt 0.836500 0.969500
vt 0.640300 0.970300
vt 0.186900 0.557700
vt 0.037700 0.557700
vt 0.029100 0.567400
vt 0.186900 0.752800
vt 0.016700 0.752800
vt 0.646100 0.364700
vt 0.754000 0.364700
vt 0.749600 0.364700
vt 0.646100 0.316600
vt 0.749600 0.316600
vt 0.297400 0.261500
vt 0.289800 0.108600
vt 0.415000 0.108600
vt 0.415000 0.266000
vt 0.311100 0.524800
vt 0.311200 0.311800
vt 0.425000 0.311700
vt 0.425000 0.524800
vt 0.563000 0.752800
vt 0.560300 0.556800
vt 0.404300 0.557300
vt 0.404300 0.752800
vt 0.526600 0.267300
vt 0.526600 0.127700
vt 0.638200 0.146900
vt 0.627800 0.268500
vt 0.636600 0.524800
vt 0.533600 0.524800
vt 0.636600 0.378700
vt 0.295600 0.752800
vt 0.295600 0.557400
vt 0.640300 0.775200
vt 0.827300 0.777500
vt 0.898400 0.080800
vt 0.785600 0.080800
vt 0.786700 0.042200
vt 0.898800 0.042200
vt 0.431500 0.097200
vt 0.431200 0.034800
vt 0.435200 0.030200
vt 0.564100 0.035300
vt 0.592500 0.107100
vt 0.436500 0.102200
vt 0.014100 0.100800
vt 0.025900 0.015500
vt 0.038600 0.000200
vt 0.191900 0.000200
vt 0.166800 0.101500
vt 0.239500 0.246200
vt 0.206200 0.180000
vt 0.241200 0.524800
vt 0.242000 0.379200
vt 0.665300 0.605700
vt 0.665000 0.594700
vt 0.573400 0.556500
vt 0.668300 0.752800
vt 0.575200 0.752800
vt 0.533600 0.311600
vt 0.569000 0.040500
vt 0.594700 0.104200
vt 0.172900 0.164800
vt 0.189800 0.169000
vt 0.128100 0.162400
vt 0.009700 0.204100
vt 0.065300 0.172600
vt 0.041900 0.204200
vt -0.000000 0.524800
vt 0.064200 0.377300
vt 0.241900 0.311800
vt 0.553400 0.831000
vt 0.553400 0.759200
vt 0.620400 0.759200
vt 0.620400 0.831000
vt 0.553400 0.846000
vt 0.553400 0.857500
vt 0.620400 0.857500
vt 0.553400 0.902200
vt 0.553400 0.946100
vt 0.620400 0.946100
vt 0.553400 0.958400
vt 0.620400 0.958400
vt 0.553400 0.987800
vt 0.620400 0.987800
vt 0.417800 0.977900
vt 0.493300 0.977900
vt 0.493300 0.908200
vt 0.418000 0.908100
vt 0.848700 0.193300
vt 0.829300 0.195300
vt 0.818200 0.175300
vt 0.842200 0.152900
vt 0.638200 0.146900
vt 0.675800 0.176300
vt 0.691800 0.164400
vt 0.665600 0.118600
vt 0.636800 0.112100
vt 0.630300 0.103100
vt 0.695800 0.103900
vt 0.806400 0.168000
vt 0.802200 0.138500
vt 0.016800 0.975600
vt -0.000000 0.975600
vt 0.000000 0.908600
vt 0.016800 0.908600
vt 0.030100 0.975600
vt 0.030100 0.908600
vt 0.087600 0.975600
vt 0.087600 0.908600
vt 0.134000 0.975600
vt 0.134000 0.908600
vt 0.260000 0.975600
vt 0.148100 0.975600
vt 0.148100 0.908600
vt 0.260000 0.908600
vt 0.636600 0.311600
vt 0.839100 0.378700
vt 0.839100 0.524800
vt 0.990100 0.547900
vt 0.973900 0.733800
vt 0.989400 0.734800
vt 0.963900 0.726800
vt 0.922200 0.640700
vt 0.937500 0.680700
vt 0.925100 0.628100
vt -0.000000 0.752800
vt 0.014300 0.566000
vt 0.820600 0.196100
vt 0.812300 0.181100
vt 0.800500 0.174400
vt 0.741600 0.169500
vt 0.741500 0.161600
vt 0.694100 0.172900
vt 0.682700 0.181700
vt 0.632400 0.283500
vt 0.526600 0.282700
vt 0.415000 0.281800
vt 0.298200 0.277300
vt 0.231400 0.252900
vt 0.197800 0.188200
vt 0.184500 0.180400
vt 0.174400 0.174400
vt 0.077800 0.163300
vt 0.128400 0.174100
vt 0.083300 0.173800
vt 0.072300 0.179900
vt 0.054900 0.204100
vt 0.657000 0.147800
vt 0.638100 0.132100
vt 0.665500 0.147700
vt 0.366700 0.765100
vt 0.432100 0.777500
vt 0.430600 0.766800
vt 0.493800 0.789300
vt 0.526400 0.797700
vt 0.523800 0.767300
vt 0.493600 0.766400
vt 0.850900 0.324100
vt 0.818400 0.319300
vt 0.818400 0.365300
vt 0.850900 0.366100
vt 0.744500 0.111800
vt 0.741000 0.122700
vt 0.665600 0.118600
vt 0.806700 0.126600
vt 0.856200 0.145600
vt 0.847700 0.148200
vt 0.803400 0.132900
vt 0.809300 0.316600
vt 0.809300 0.364700
vt 0.738800 0.126200
vt 0.665500 0.147700
vt 0.657000 0.147800
vt 0.681100 0.305000
vt 0.673600 0.280800
vt 0.680200 0.281800
vt 0.677100 0.255700
vt 0.683700 0.256600
vt 0.678600 0.244700
vt 0.683200 0.245400
vt 0.682000 0.221100
vt 0.301400 0.977900
vt 0.360700 0.977900
vt 0.360900 0.827000
vt 0.301400 0.830200
vt 0.353800 0.784900
vt 0.296400 0.775000
vt 0.305000 0.825000
vt 0.353900 0.821200
vt 0.632000 0.090800
vt 0.690800 0.096900
vt 0.297200 0.819300
vt 0.297800 0.830100
vt 0.361600 0.784200
vt 0.574900 0.034900
vt 0.566200 0.030300
vt 0.575100 0.012400
vt 0.602400 0.104900
vt 0.586600 0.018600
vt 0.595800 0.111900
vt 0.425000 0.100900
vt 0.432100 0.106900
vt 0.425500 0.031500
vt 0.415000 0.004700
vt 0.433700 0.025600
vt 0.391700 0.024000
vt 0.256300 0.022300
vt 0.303400 0.002400
vt 0.398900 0.032800
vt 0.397200 0.098500
vt 0.383600 0.105500
vt 0.248500 0.028300
vt 0.238600 0.093700
vt 0.247800 0.104400
vt 0.243700 0.090800
vt 0.253400 0.031700
vt 0.257500 0.027700
vt 0.251100 0.098400
vt 0.379800 0.101500
vt 0.386800 0.029900
vt 0.391000 0.035600
vt 0.387300 0.094200
vt 0.849300 0.459700
vt 0.849300 0.521300
vt 0.859500 0.529200
vt 0.919000 0.529200
vt 0.929200 0.521300
vt 0.929200 0.459700
vt 0.919000 0.451900
vt 0.859500 0.451900
vt 0.800800 0.325100
vt 0.800800 0.356200
vt 0.749800 0.316800
vt 0.757100 0.320400
vt 0.796300 0.320400
vt 0.752700 0.356200
vt 0.752700 0.325100
vt 0.796300 0.360900
vt 0.757100 0.360900
vt 0.862000 0.853000
vt 0.862000 0.821300
vt 0.870400 0.821300
vt 0.870400 0.853000
vt 0.862000 0.814000
vt 0.862000 0.770900
vt 0.870400 0.770900
vt 0.870400 0.814000
vt 0.862000 0.953700
vt 0.862000 0.922000
vt 0.870400 0.922000
vt 0.870400 0.953700
vt 0.862000 0.903400
vt 0.862000 0.860300
vt 0.870400 0.860300
vt 0.870400 0.903400
vt 0.718700 0.080200
vt 0.651400 0.080200
vt 0.659200 0.071700
vt 0.659200 0.052600
vt 0.693100 0.046100
vt 0.695100 0.038000
vt 0.757400 0.034700
vt 0.752000 0.034700
vt 0.753500 0.080100
vt 0.898200 0.111300
vt 0.785700 0.111300
vt 0.786500 0.005300
vt 0.899000 0.005300
vt 0.283800 0.772100
vt 0.667000 0.545600
vt 0.493200 0.895600
vt 0.471600 0.797700
vt 0.409300 0.788800
vt 0.418200 0.895500
vt 0.526800 0.977900
vt 0.526800 0.870100
vt 0.523300 0.808000
vt 0.443700 0.895500
vt 0.431100 0.895500
vt 0.430900 0.908100
vt 0.443800 0.908100
vt 0.816900 0.758700
vt 0.742600 0.758400
vt 0.754100 0.751100
vt 0.767500 0.749900
vt 0.742500 0.758600
vt 0.817000 0.759000
vt 0.767600 0.750200
vt 0.754000 0.751300
vt 0.969000 0.731700
vt 0.959600 0.724800
vt 0.924400 0.648100
vt 0.926700 0.623100
vt 0.967400 0.569600
vt 0.996000 0.737000
vt 0.004100 0.204000
vt 0.008400 0.100800
vt 0.020000 0.012300
vt 0.031000 0.000000
vt 0.862000 0.961000
vt 0.870400 0.961000
vt 0.805400 0.661400
vt 0.762200 0.670600
vt 0.756100 0.531800
vt 0.800100 0.531800
vt 0.161000 0.286200
vt 0.158000 0.292200
vt 0.004600 0.290000
vt 0.004600 0.283900
vt 0.702500 0.690100
vt 0.684300 0.692500
vt 0.680600 0.626700
vt 0.699200 0.625100
vt 0.741800 0.678700
vt 0.734900 0.683200
vt 0.732300 0.638900
vt 0.727300 0.531800
vt 0.735000 0.531800
vt 0.698500 0.743000
vt 0.702100 0.724700
vt 0.721700 0.724700
vt 0.725300 0.743300
vt 0.133200 0.353900
vt 0.004800 0.351600
vt 0.141500 0.347100
vt 0.729200 0.623600
vt 0.730600 0.683700
vt 0.820600 0.660700
vt 0.815700 0.531800
vt 0.691900 0.740300
vt 0.209400 0.249700
vt 0.209000 0.276500
vt 0.161600 0.246700
vt 0.730700 0.695600
vt 0.808300 0.717500
vt 0.806700 0.735000
vt 0.768900 0.733300
vt 0.761200 0.732100
vt 0.816500 0.724500
vt 0.817500 0.717600
vt 0.810700 0.712200
vt 0.738700 0.692800
vt 0.747900 0.697100
vt 0.728600 0.742100
vt 0.805600 0.672300
vt 0.760600 0.680800
vt 0.743800 0.687600
vt 0.814800 0.670200
vt 0.725000 0.531800
vt 0.868300 0.350600
vt 0.867900 0.320900
vt 0.885000 0.314100
vt 0.881800 0.350600
vt 0.865400 0.441200
vt 0.878900 0.441200
vt 0.096400 0.245800
vt 0.004600 0.280400
vt 0.095600 0.281700
vt 0.196500 0.811900
vt 0.197000 0.778900
vt 0.271800 0.780000
vt 0.238300 0.830900
vt 0.252800 0.831100
vt -0.000000 0.876500
vt 0.133900 0.876100
vt 0.133900 0.886900
vt 0.000000 0.887300
vt 0.000000 0.808800
vt 0.133700 0.811000
vt 0.841600 0.740400
vt 0.841500 0.605100
vt 0.848700 0.605100
vt 0.000100 0.776000
vt 0.134200 0.778000
vt 0.203500 0.857200
vt 0.206800 0.871400
vt 0.144900 0.883600
vt 0.142100 0.871900
vt 0.861800 0.542700
vt 0.916700 0.542700
vt 0.916700 0.564400
vt 0.916700 0.605100
vt 0.262000 0.890000
vt 0.263400 0.884600
vt 0.272800 0.886900
vt 0.270400 0.892100
vt 0.228100 0.850100
vt 0.916700 0.740400
vt 0.860400 0.272900
vt 0.817000 0.279100
vt 0.817000 0.297800
vt 0.882200 0.297800
vt 0.891700 0.244000
vt 0.862300 0.244000
vt 0.894400 0.127200
vt 0.870000 0.127200
vt 0.698000 0.217600
vt 0.711800 0.225600
vt 0.726500 0.211000
vt 0.718500 0.197200
vt 0.690500 0.245600
vt 0.706500 0.245600
vt 0.698000 0.273600
vt 0.711800 0.265600
vt 0.718500 0.294100
vt 0.726500 0.280300
vt 0.745900 0.301500
vt 0.745900 0.285500
vt 0.986200 0.964600
vt 0.957200 0.964600
vt 0.957200 0.945800
vt 0.986200 0.945800
vt 0.957200 0.927100
vt 0.986200 0.927100
vt 0.957200 0.908300
vt 0.986200 0.908300
vt 0.957200 0.889500
vt 0.986200 0.889500
vt 0.957200 0.871100
vt 0.986200 0.871100
vt 0.885000 0.945800
vt 0.885000 0.964600
vt 0.885000 0.927100
vt 0.885000 0.908300
vt 0.885000 0.889500
vt 0.885000 0.871900
vt 0.745900 0.205800
vt 0.745900 0.244700
vt 0.745900 0.245300
vt 0.745900 0.245600
vt 0.745900 0.246000
vt 0.745900 0.246600
vt 0.745900 0.189800
vt 0.986200 0.983000
vt 0.957200 0.983000
vt 0.885000 0.982300
vt 0.698000 0.217600
vt 0.718500 0.197200
vt 0.726500 0.211000
vt 0.711800 0.225600
vt 0.690500 0.245600
vt 0.706500 0.245600
vt 0.698000 0.273600
vt 0.711800 0.265600
vt 0.718500 0.294100
vt 0.726500 0.280300
vt 0.745900 0.285500
vt 0.745900 0.301500
vt 0.986200 0.964600
vt 0.986200 0.945800
vt 0.957200 0.945800
vt 0.957200 0.964600
vt 0.986200 0.927100
vt 0.957200 0.927100
vt 0.986200 0.908300
vt 0.957200 0.908300
vt 0.986200 0.889500
vt 0.957200 0.889500
vt 0.986200 0.871100
vt 0.957200 0.871100
vt 0.885000 0.945800
vt 0.885000 0.964600
vt 0.885000 0.927100
vt 0.885000 0.908300
vt 0.885000 0.889500
vt 0.885000 0.871900
vt 0.745900 0.205800
vt 0.745900 0.244700
vt 0.745900 0.245300
vt 0.745900 0.245600
vt 0.745900 0.246000
vt 0.745900 0.246600
vt 0.745900 0.189800
vt 0.957200 0.983000
vt 0.986200 0.983000
vt 0.885000 0.982300
vt 0.937600 0.005800
vt 0.944800 0.005800
vt 0.944800 0.353400
vt 0.937600 0.353400
vt 0.930200 0.005800
vt 0.930200 0.353400
vt 0.922800 0.005800
vt 0.922800 0.353400
vt 0.915600 0.005800
vt 0.915600 0.353400
vt 0.909000 0.005800
vt 0.909000 0.353400
vt 0.951300 0.005800
vt 0.951300 0.353400
vt 0.957900 0.005800
vt 0.965200 0.005800
vt 0.965200 0.353400
vt 0.957900 0.353400
vt 0.972600 0.005800
vt 0.972600 0.353400
vt 0.980000 0.005800
vt 0.980000 0.353400
vt 0.987100 0.005800
vt 0.987100 0.353400
vt 0.993700 0.005800
vt 0.993700 0.353400
vt 0.698000 0.217600
vt 0.718500 0.197200
vt 0.726500 0.211000
vt 0.711800 0.225600
vt 0.690500 0.245600
vt 0.706500 0.245600
vt 0.698000 0.273600
vt 0.711800 0.265600
vt 0.718500 0.294100
vt 0.726500 0.280300
vt 0.745900 0.285500
vt 0.745900 0.301500
vt 0.986200 0.964600
vt 0.986200 0.945800
vt 0.957200 0.945800
vt 0.957200 0.964600
vt 0.986200 0.927100
vt 0.957200 0.927100
vt 0.986200 0.908300
vt 0.957200 0.908300
vt 0.986200 0.889500
vt 0.957200 0.889500
vt 0.986200 0.871100
vt 0.957200 0.871100
vt 0.885000 0.945800
vt 0.885000 0.964600
vt 0.885000 0.927100
vt 0.885000 0.908300
vt 0.885000 0.889500
vt 0.885000 0.871900
vt 0.745900 0.205800
vt 0.745900 0.244700
vt 0.745900 0.245300
vt 0.745900 0.245600
vt 0.745900 0.246000
vt 0.745900 0.246600
vt 0.745900 0.189800
vt 0.957200 0.983000
vt 0.986200 0.983000
vt 0.885000 0.982300
vt 0.698000 0.217600
vt 0.711800 0.225600
vt 0.726500 0.211000
vt 0.718500 0.197200
vt 0.690500 0.245600
vt 0.706500 0.245600
vt 0.698000 0.273600
vt 0.711800 0.265600
vt 0.718500 0.294100
vt 0.726500 0.280300
vt 0.745900 0.301500
vt 0.745900 0.285500
vt 0.986200 0.964600
vt 0.957200 0.964600
vt 0.957200 0.945800
vt 0.986200 0.945800
vt 0.957200 0.927100
vt 0.986200 0.927100
vt 0.957200 0.908300
vt 0.986200 0.908300
vt 0.957200 0.889500
vt 0.986200 0.889500
vt 0.957200 0.871100
vt 0.986200 0.871100
vt 0.885000 0.945800
vt 0.885000 0.964600
vt 0.885000 0.927100
vt 0.885000 0.908300
vt 0.885000 0.889500
vt 0.885000 0.871900
vt 0.745900 0.205800
vt 0.745900 0.244700
vt 0.745900 0.245300
vt 0.745900 0.245600
vt 0.745900 0.246000
vt 0.745900 0.246600
vt 0.745900 0.189800
vt 0.986200 0.983000
vt 0.957200 0.983000
vt 0.885000 0.982300
vt 0.937600 0.005800
vt 0.937600 0.353400
vt 0.944800 0.353400
vt 0.944800 0.005800
vt 0.930200 0.005800
vt 0.930200 0.353400
vt 0.922800 0.005800
vt 0.922800 0.353400
vt 0.915600 0.005800
vt 0.915600 0.353400
vt 0.909000 0.005800
vt 0.909000 0.353400
vt 0.951300 0.353400
vt 0.951300 0.005800
vt 0.957900 0.005800
vt 0.957900 0.353400
vt 0.965200 0.353400
vt 0.965200 0.005800
vt 0.972600 0.353400
vt 0.972600 0.005800
vt 0.980000 0.353400
vt 0.980000 0.005800
vt 0.987100 0.353400
vt 0.987100 0.005800
vt 0.993700 0.353400
vt 0.993700 0.005800
vt 0.981400 0.004500
vt 0.966400 0.004500
vt 0.966400 0.444800
vt 0.981400 0.444800
vt 0.996500 0.004500
vt 0.996500 0.444800
vt 0.921100 0.004500
vt 0.906100 0.004500
vt 0.906100 0.444800
vt 0.921100 0.444800
vt 0.936200 0.004500
vt 0.936200 0.444800
vt 0.951300 0.004500
vt 0.951300 0.444800
vt 0.981400 0.004500
vt 0.981400 0.444800
vt 0.966400 0.444800
vt 0.966400 0.004500
vt 0.996500 0.004500
vt 0.996500 0.444800
vt 0.921100 0.004500
vt 0.921100 0.444800
vt 0.906100 0.444800
vt 0.906100 0.004500
vt 0.936200 0.004500
vt 0.936200 0.444800
vt 0.951300 0.004500
vt 0.951300 0.444800
vt 0.981400 0.004500
vt 0.981400 0.444800
vt 0.966400 0.444800
vt 0.966400 0.004500
vt 0.996500 0.004500
vt 0.996500 0.444800
vt 0.921100 0.004500
vt 0.921100 0.444800
vt 0.906100 0.444800
vt 0.906100 0.004500
vt 0.936200 0.004500
vt 0.936200 0.444800
vt 0.951300 0.004500
vt 0.951300 0.444800
vt 0.981400 0.004500
vt 0.966400 0.004500
vt 0.966400 0.444800
vt 0.981400 0.444800
vt 0.996500 0.004500
vt 0.996500 0.444800
vt 0.921100 0.004500
vt 0.906100 0.004500
vt 0.906100 0.444800
vt 0.921100 0.444800
vt 0.936200 0.004500
vt 0.936200 0.444800
vt 0.951300 0.004500
vt 0.951300 0.444800
vt 0.904000 0.773500
vt 0.914900 0.770500
vt 0.916200 0.778800
vt 0.924000 0.832300
vt 0.919600 0.837300
vt 0.897800 0.840700
vt 0.900300 0.779400
vt 0.955800 0.762400
vt 0.949600 0.768300
vt 0.953100 0.836100
vt 0.953600 0.846100
vt 0.969900 0.845300
vt 0.973500 0.836400
vt 0.985400 0.760900
vt 0.928000 0.778600
vt 0.928500 0.836800
vt 0.922700 0.843000
vt 0.896300 0.846900
vt 0.893100 0.836600
vt 0.889600 0.842000
vt 0.877400 0.789000
vt 0.887600 0.790800
vt 0.891900 0.784400
vt 0.987400 0.835700
vt 0.994600 0.827800
vt 0.991400 0.766100
vt 0.898600 0.764100
vt 0.912700 0.758900
vt 0.882000 0.778600
vt 0.891700 0.769900
vt 0.920200 0.790000
vt 0.931300 0.774900
vt 0.935500 0.786100
vt 0.929900 0.767500
vt 0.928300 0.755500
vt 0.934700 0.838600
vt 0.935200 0.847100
vt 0.900300 0.779400
vt 0.897800 0.840700
vt 0.919600 0.837300
vt 0.904000 0.773500
vt 0.924000 0.832300
vt 0.916200 0.778800
vt 0.914900 0.770500
vt 0.985400 0.760900
vt 0.973500 0.836400
vt 0.969900 0.845300
vt 0.955800 0.762400
vt 0.953600 0.846100
vt 0.953100 0.836100
vt 0.949600 0.768300
vt 0.928500 0.836800
vt 0.928000 0.778600
vt 0.896300 0.846900
vt 0.922700 0.843000
vt 0.893100 0.836600
vt 0.887600 0.790800
vt 0.877400 0.789000
vt 0.889600 0.842000
vt 0.891900 0.784400
vt 0.994600 0.827800
vt 0.987400 0.835700
vt 0.991400 0.766100
vt 0.912700 0.758900
vt 0.898600 0.764100
vt 0.882000 0.778600
vt 0.891700 0.769900
vt 0.920200 0.790000
vt 0.935500 0.786100
vt 0.931300 0.774900
vt 0.929900 0.767500
vt 0.928300 0.755500
vt 0.935200 0.847100
vt 0.934700 0.838600
vn -0.996400 0.000000 0.085100
vn -0.999100 -0.000000 0.041400
vn -0.913800 -0.404500 0.037800
vn -0.905700 -0.412300 0.098900
vn -0.000200 -0.018300 0.999800
vn 0.010100 -0.018200 0.999800
vn 0.010200 0.000000 0.999900
vn -0.000100 -0.000000 1.000000
vn 0.987900 0.000000 0.154800
vn 0.985500 -0.008700 0.169200
vn 0.724700 -0.007100 -0.689000
vn -0.084300 0.000000 -0.996400
vn 0.987900 -0.000000 0.154800
vn 0.000000 -1.000000 -0.000000
vn -0.004700 -0.999700 0.022000
vn -0.000400 -0.998900 -0.047500
vn -0.195600 0.000000 -0.980700
vn -0.023300 -0.000000 -0.999700
vn -0.023300 0.000000 -0.999700
vn 0.292600 -0.000000 0.956200
vn 0.029200 -0.000000 0.999600
vn 0.032400 -0.020700 0.999300
vn 0.272800 -0.029400 0.961600
vn 0.001300 -1.000000 -0.001400
vn -0.001100 -1.000000 -0.006100
vn -0.008300 0.000000 -1.000000
vn -0.008100 0.000000 -1.000000
vn 0.020700 0.000000 0.999800
vn 0.020600 -0.018200 0.999600
vn -0.883100 0.000000 0.469200
vn -0.800600 -0.382900 0.460900
vn -0.038600 0.002200 -0.999300
vn -0.045100 0.000000 -0.999000
vn 0.003200 -0.995200 0.097700
vn 0.000700 -0.995400 0.095800
vn -0.007500 -0.993900 0.109900
vn -0.038300 -0.992700 0.114700
vn 0.003700 -0.998800 0.048800
vn -0.001600 -0.998300 -0.057600
vn -0.001700 -0.998700 0.050600
vn 0.001400 -0.995000 0.100300
vn -0.222400 -0.935500 0.274400
vn -0.385700 -0.919100 0.080300
vn -0.389900 -0.880800 0.268800
vn -0.490600 0.000000 -0.871400
vn -0.294000 -0.000000 -0.955800
vn 0.710000 -0.042100 0.702900
vn 0.863600 -0.055700 0.501100
vn 0.852400 0.000000 0.522900
vn 0.869600 0.000000 0.493800
vn 0.723000 0.000000 0.690800
vn 0.022300 -0.994300 0.104400
vn -0.115200 -0.991500 0.061100
vn 0.000000 -1.000000 0.000000
vn -0.000000 -1.000000 0.000000
vn -0.390100 -0.920600 0.016200
vn -0.000000 -1.000000 -0.000000
vn 0.284600 -0.038000 -0.957900
vn -0.200300 -0.000000 -0.979700
vn -0.663900 -0.000000 -0.747800
vn -0.729500 -0.000000 -0.683900
vn -0.269200 -0.000000 -0.963100
vn -0.512500 -0.000000 -0.858700
vn 0.249500 0.000000 -0.968400
vn -0.007100 0.000000 -1.000000
vn 0.668900 0.000000 -0.743400
vn 0.815700 0.000000 -0.578500
vn 0.213900 0.000000 0.976900
vn 0.197800 0.001900 0.980200
vn 0.336400 0.003800 0.941700
vn 0.314300 -0.000000 0.949300
vn 0.203000 -0.978900 0.021500
vn 0.192300 -0.953100 0.233800
vn 0.089200 -0.988000 0.126300
vn 0.139100 -0.987800 0.069800
vn -0.713600 -0.000000 -0.700500
vn -0.877300 -0.000000 -0.480000
vn -0.877300 0.000000 -0.480000
vn -0.297600 -0.000000 -0.954700
vn -0.297600 0.000000 -0.954700
vn -0.006500 0.000000 -1.000000
vn 0.359100 0.000000 -0.933300
vn 0.899100 0.000000 -0.437700
vn 0.777200 0.000000 -0.629300
vn 0.426200 0.000000 -0.904600
vn -0.619300 -0.402100 0.674400
vn -0.660500 -0.000000 0.750800
vn 0.621200 -0.706300 0.339500
vn 0.621400 -0.706200 0.339400
vn 0.504400 -0.720700 0.475500
vn 0.498300 -0.726800 0.472800
vn 0.242600 -0.712200 0.658700
vn 0.009500 -0.709200 0.705000
vn 0.009700 -0.704600 0.709500
vn 0.177600 -0.700900 0.690800
vn -0.225200 -0.744800 0.628100
vn -0.248700 -0.739400 0.625700
vn -0.514800 -0.740600 0.431800
vn -0.513300 -0.741000 0.433000
vn -0.537000 -0.801800 0.262200
vn -0.533300 -0.805100 0.259700
vn 0.005100 -0.886100 0.463500
vn 0.005200 -0.885600 0.464500
vn 0.004800 -0.889300 0.457300
vn 0.004600 -0.889800 0.456400
vn 0.010600 -0.894900 0.446200
vn 0.010300 -0.895200 0.445600
vn 0.100200 -0.882700 0.459100
vn 0.080100 -0.890800 0.447400
vn 0.387000 -0.808100 0.444100
vn 0.357200 -0.791800 0.495500
vn 0.416600 -0.832300 0.365800
vn 0.418500 -0.828800 0.371400
vn 0.258200 -0.820200 0.510500
vn 0.089400 -0.764800 0.638000
vn 0.139700 -0.796700 0.588100
vn 0.274800 -0.844100 0.460400
vn 0.005100 -0.822200 0.569200
vn -0.183500 -0.817100 0.546500
vn -0.127800 -0.825900 0.549100
vn 0.004000 -0.829300 0.558900
vn -0.437700 -0.789400 0.430400
vn -0.417700 -0.800900 0.429100
vn -0.490500 -0.794600 0.357600
vn -0.493700 -0.792500 0.358100
vn 0.206200 -0.978400 -0.011300
vn 0.182300 -0.983200 -0.000200
vn 0.087100 -0.996200 0.001200
vn 0.099500 -0.342000 0.934400
vn 0.136300 -0.347800 0.927600
vn 0.151900 -0.337600 0.929000
vn 0.286500 -0.232900 0.929300
vn 0.268400 -0.254000 0.929200
vn 0.358100 -0.200800 0.911800
vn 0.369300 -0.181300 0.911500
vn 0.969800 -0.189800 0.153500
vn 0.970400 -0.176400 0.165200
vn 0.155500 -0.862800 0.481100
vn 0.155900 -0.862300 0.481900
vn 0.192300 -0.865200 0.463100
vn 0.202400 -0.867300 0.454700
vn 0.284200 -0.910500 0.300500
vn 0.269600 -0.905600 0.327400
vn 0.233200 -0.971300 0.046500
vn 0.228100 -0.973000 0.036400
vn 0.243800 -0.968900 0.041500
vn 0.241800 -0.969500 0.040800
vn -0.574100 -0.000000 0.818800
vn -1.000000 -0.000000 0.001300
vn 0.037700 -0.000000 0.999300
vn 0.645400 -0.000000 0.763800
vn 0.116900 -0.000000 0.993100
vn 0.118000 -0.000000 0.993000
vn 0.147300 -0.000500 0.989100
vn 0.139800 -0.000000 0.990200
vn 0.187900 -0.619300 0.762300
vn 0.121200 -0.000700 0.992600
vn 0.113100 -0.010500 0.993500
vn 0.183300 -0.642700 0.743900
vn -0.795400 -0.000000 0.606100
vn 0.145300 0.915300 0.375800
vn 0.130500 0.820300 0.556800
vn 0.821100 0.000100 0.570800
vn 0.820700 0.000200 0.571300
vn 0.002500 -1.000000 -0.009300
vn 0.008600 -0.994100 0.108500
vn 0.002800 -0.994500 0.104900
vn 0.003900 -0.994600 0.104200
vn -0.005600 -0.994800 0.102100
vn 0.009400 -0.999100 0.040200
vn -0.002000 -0.995400 0.095800
vn 0.000800 -0.995200 0.098000
vn -0.009600 -0.994800 -0.101600
vn -0.099400 -0.992800 0.067000
vn -0.005100 -0.995400 0.095200
vn 0.000200 -0.995400 0.096200
vn -0.000400 -0.995500 0.094700
vn 0.001900 -0.995500 0.094400
vn -0.024500 -0.993800 0.108100
vn 0.037700 -0.998600 0.037900
vn 0.001600 -0.994800 -0.101700
vn -0.010300 -0.986700 -0.162200
vn -0.011300 -0.998400 0.055800
vn -0.003400 -0.995100 0.099200
vn 0.122800 -0.988500 0.088800
vn -0.066700 -0.988800 0.133800
vn -0.000800 -0.997200 0.074200
vn 0.000000 -0.994600 0.103600
vn 0.000700 -0.994500 0.104700
vn -0.074900 -0.990200 0.117900
vn -0.675900 -0.428000 0.600000
vn -0.670200 -0.410100 0.618600
vn 0.030400 -0.377900 0.925400
vn 0.030200 -0.380700 0.924200
vn 0.784400 -0.421500 0.455000
vn 0.764700 -0.440300 0.470600
vn 0.871200 -0.488400 0.049100
vn 0.872500 -0.486300 0.048500
vn 0.604900 -0.562100 -0.564000
vn 0.606300 -0.564300 -0.560400
vn -0.027400 -0.594400 -0.803700
vn -0.027600 -0.591800 -0.805600
vn -0.376600 -0.582800 -0.720100
vn -0.383800 -0.576400 -0.721400
vn -0.812500 -0.520600 -0.262200
vn -0.811900 -0.521700 -0.262000
vn -0.542600 -0.577700 -0.609800
vn -0.546400 -0.574900 -0.609000
vn -0.870300 -0.486200 0.078400
vn -0.868800 -0.488900 0.078300
vn -0.428700 -0.397900 0.811100
vn -0.425400 -0.386800 0.818100
vn 0.007100 -0.374200 0.927300
vn 0.007500 -0.367800 0.929900
vn 0.702100 -0.401200 0.588400
vn 0.694900 -0.410300 0.590600
vn 0.865500 -0.493000 -0.089100
vn 0.866400 -0.491300 -0.089700
vn 0.437600 -0.569000 -0.696300
vn 0.447500 -0.580400 -0.680400
vn -0.020800 -0.596400 -0.802400
vn -0.020500 -0.599800 -0.799900
vn 0.991500 -0.091900 -0.091900
vn 1.000000 -0.000000 0.000000
vn 0.996700 -0.080500 0.011800
vn 0.982600 -0.011100 0.185500
vn 0.988000 -0.004700 0.154400
vn 0.988300 0.002300 0.152800
vn 0.992700 -0.009700 0.119900
vn 0.995700 -0.059200 -0.070700
vn 0.975600 -0.036000 0.216800
vn 0.988300 -0.004500 0.152600
vn 0.987700 -0.016400 0.155400
vn 0.988100 0.009500 0.153300
vn 0.998000 -0.056000 0.030300
vn 0.960300 -0.037600 0.276400
vn 0.203100 0.979200 0.000000
vn 0.307800 0.950200 0.049200
vn 0.312300 -0.028900 -0.949500
vn 0.331100 -0.026900 -0.943200
vn 0.322100 -0.946700 -0.000000
vn 0.204300 -0.978400 0.032700
vn 0.035300 -0.003300 0.999400
vn 0.034100 -0.002800 0.999400
vn -0.000000 0.000000 1.000000
vn 0.074300 -0.004300 -0.997200
vn 0.104000 0.000100 -0.994600
vn 0.121600 -0.013300 -0.992500
vn 0.087200 0.000000 -0.996200
vn 0.087800 0.000100 -0.996100
vn 0.087900 0.000000 -0.996100
vn -1.000000 -0.000000 0.000000
vn 0.983400 -0.001100 -0.181700
vn 0.984000 0.000000 -0.178300
vn -0.986200 0.147600 0.075000
vn -0.795800 0.000700 0.605500
vn 0.875000 -0.145800 0.461700
vn 0.336600 -0.001400 0.941600
vn 0.197400 -0.003100 0.980300
vn 0.198000 0.001600 0.980200
vn 0.283700 0.002600 0.958900
vn 0.160800 -0.000300 0.987000
vn 0.360100 -0.012400 0.932800
vn 0.360700 -0.000000 0.932700
vn 0.363000 -0.016600 0.931600
vn 0.178900 0.008300 0.983800
vn 0.173500 0.002300 0.984800
vn -0.294900 -0.002800 0.955500
vn -0.000000 1.000000 -0.000000
vn 0.421700 0.006500 0.906700
vn -0.000000 -1.000000 -0.000100
vn 0.161200 0.697900 0.697900
vn 0.170200 0.679900 0.713300
vn 0.420800 0.641400 -0.641400
vn 0.451800 0.660400 -0.599700
vn 0.451400 -0.631000 -0.631000
vn 0.421000 -0.668800 -0.612800
vn 0.172900 -0.696500 0.696500
vn 0.158600 -0.682100 0.713800
vn 0.376000 -0.315900 -0.871100
vn 0.442000 -0.000000 -0.897000
vn 0.848900 0.000000 -0.528600
vn 0.752200 -0.328300 -0.571300
vn -0.955000 0.030100 -0.294900
vn -0.959100 0.030800 -0.281200
vn 0.371100 -0.011200 0.928500
vn 0.912700 -0.404400 0.058900
vn 0.979800 0.000000 0.200200
vn 0.961000 0.000000 0.276500
vn 0.964100 -0.031200 0.263800
vn 0.937600 -0.347700 0.006700
vn 0.740900 -0.670900 -0.030800
vn 0.696200 -0.606600 -0.383700
vn 0.812700 -0.439600 -0.382500
vn 0.885000 -0.464900 -0.027200
vn -0.830000 0.031300 0.556800
vn -0.824800 0.026500 0.564800
vn -0.828200 0.012900 0.560300
vn 0.999300 -0.032200 -0.017700
vn 0.992700 -0.119300 -0.020200
vn 0.997800 -0.060500 -0.027400
vn 0.998900 -0.032500 -0.034800
vn 0.274300 -0.216500 -0.937000
vn 0.272300 -0.000000 -0.962200
vn 0.370300 -0.065000 0.926600
vn 0.378300 -0.062100 0.923600
vn -0.998900 0.042200 0.018500
vn -0.996200 0.068900 0.052900
vn 0.731700 -0.307200 -0.608500
vn 0.007700 -0.921600 -0.388100
vn 0.360000 -0.495000 -0.790800
vn 0.163900 -0.797600 -0.580400
vn 0.431400 -0.789900 -0.435800
vn 0.417500 -0.883100 -0.214100
vn 0.216900 -0.619000 -0.754900
vn 0.029900 -0.584200 -0.811100
vn 0.999500 -0.000000 -0.031000
vn 0.000000 1.000000 0.000000
vn -0.017900 0.003200 0.999800
vn -0.602500 0.020300 0.797900
vn -0.621000 0.019600 0.783600
vn -0.991900 0.093400 -0.086000
vn -0.999400 0.030200 0.018500
vn -0.294500 0.000000 -0.955600
vn 0.000000 -0.000000 -1.000000
vn 0.000000 -0.744300 -0.667800
vn -0.232300 -0.645600 -0.727500
vn -0.886900 -0.000000 -0.462000
vn -0.888000 -0.050500 -0.457100
vn 0.983800 0.000000 -0.179000
vn -1.000000 -0.000000 -0.000000
vn -0.999800 -0.020000 -0.000000
vn -0.000000 -0.174200 -0.984700
vn 0.000000 -0.174200 -0.984700
vn -0.506800 -0.076100 -0.858700
vn -0.395600 -0.160000 -0.904400
vn 0.951700 -0.021300 -0.306400
vn 0.942800 0.000000 -0.333300
vn 0.942800 0.000000 -0.333400
vn -0.988900 -0.148500 -0.000000
vn -0.988900 -0.148500 0.000000
vn 0.951900 -0.005900 -0.306400
vn 0.955600 0.000000 -0.294500
vn 0.000000 -0.000000 1.000000
vn -0.000000 -0.000000 1.000000
vn -0.905700 0.412300 0.098900
vn -0.913800 0.404500 0.037800
vn 0.010100 0.018200 0.999800
vn -0.000200 0.018300 0.999800
vn -0.084300 -0.000000 -0.996400
vn 0.724700 0.007100 -0.689000
vn 0.985500 0.008700 0.169200
vn 0.000000 1.000000 -0.000000
vn -0.000400 0.998900 -0.047500
vn -0.004700 0.999700 0.022000
vn -0.195600 -0.000000 -0.980700
vn 0.272800 0.029400 0.961600
vn 0.032400 0.020700 0.999300
vn -0.001100 1.000000 -0.006100
vn 0.001300 1.000000 -0.001400
vn -0.008300 -0.000000 -1.000000
vn 0.020600 0.018200 0.999600
vn -0.800600 0.382900 0.460900
vn -0.045100 -0.000000 -0.999000
vn -0.038600 -0.002200 -0.999300
vn 0.003700 0.998800 0.048800
vn -0.038300 0.992700 0.114700
vn -0.007500 0.993900 0.109900
vn 0.000700 0.995400 0.095800
vn 0.003200 0.995200 0.097700
vn -0.001600 0.998300 -0.057600
vn -0.385700 0.919100 0.080300
vn -0.389900 0.880800 0.268800
vn -0.222400 0.935500 0.274400
vn 0.001400 0.995000 0.100300
vn -0.001700 0.998700 0.050600
vn -0.490600 -0.000000 -0.871400
vn 0.852400 -0.000000 0.522900
vn 0.863600 0.055700 0.501100
vn 0.710000 0.042100 0.702900
vn -0.008100 -0.000000 -1.000000
vn -0.115200 0.991500 0.061100
vn 0.022300 0.994300 0.104400
vn -0.000000 1.000000 0.000000
vn -0.390100 0.920600 0.016200
vn 0.284600 0.038000 -0.957900
vn -0.663900 0.000000 -0.747800
vn -0.729500 0.000000 -0.683900
vn -0.512500 0.000000 -0.858700
vn -0.269200 0.000000 -0.963100
vn -0.007100 -0.000000 -1.000000
vn 0.249500 -0.000000 -0.968400
vn 0.668900 -0.000000 -0.743400
vn 0.815700 -0.000000 -0.578500
vn 0.336400 -0.003800 0.941700
vn 0.197800 -0.001900 0.980200
vn 0.203000 0.978900 0.021500
vn 0.139100 0.987800 0.069800
vn 0.089200 0.988000 0.126300
vn 0.192300 0.953100 0.233800
vn -0.713600 0.000000 -0.700500
vn -0.006500 -0.000000 -1.000000
vn 0.359100 -0.000000 -0.933300
vn 0.899100 -0.000000 -0.437700
vn 0.777200 -0.000000 -0.629300
vn 0.426200 -0.000000 -0.904600
vn -0.619300 0.402100 0.674400
vn 0.621200 0.706300 0.339500
vn 0.498300 0.726800 0.472800
vn 0.504400 0.720700 0.475500
vn 0.621400 0.706200 0.339400
vn 0.242600 0.712200 0.658700
vn 0.177600 0.700900 0.690800
vn 0.009700 0.704600 0.709500
vn 0.009500 0.709200 0.705000
vn -0.248700 0.739400 0.625700
vn -0.225200 0.744800 0.628100
vn -0.513300 0.741000 0.433000
vn -0.514800 0.740600 0.431800
vn -0.533300 0.805100 0.259700
vn -0.537000 0.801800 0.262200
vn 0.005100 0.886100 0.463500
vn 0.004600 0.889800 0.456400
vn 0.004800 0.889300 0.457300
vn 0.005200 0.885600 0.464500
vn 0.010300 0.895200 0.445600
vn 0.010600 0.894900 0.446200
vn 0.080100 0.890800 0.447400
vn 0.100200 0.882700 0.459100
vn 0.387000 0.808100 0.444100
vn 0.416600 0.832300 0.365800
vn 0.357200 0.791800 0.495500
vn 0.418500 0.828800 0.371400
vn 0.258200 0.820200 0.510500
vn 0.274800 0.844100 0.460400
vn 0.139700 0.796700 0.588100
vn 0.089400 0.764800 0.638000
vn 0.005100 0.822200 0.569200
vn 0.004000 0.829300 0.558900
vn -0.127800 0.825900 0.549100
vn -0.183500 0.817100 0.546500
vn -0.417700 0.800900 0.429100
vn -0.437700 0.789400 0.430400
vn -0.493700 0.792500 0.358100
vn -0.490500 0.794600 0.357600
vn 0.206200 0.978400 -0.011300
vn 0.087100 0.996200 0.001200
vn 0.182300 0.983200 -0.000200
vn 0.099500 0.342000 0.934400
vn 0.151900 0.337600 0.929000
vn 0.136300 0.347800 0.927600
vn 0.286500 0.232900 0.929300
vn 0.369300 0.181300 0.911500
vn 0.358100 0.200800 0.911800
vn 0.268400 0.254000 0.929200
vn 0.970400 0.176400 0.165200
vn 0.969800 0.189800 0.153500
vn 0.155500 0.862800 0.481100
vn 0.202400 0.867300 0.454700
vn 0.192300 0.865200 0.463100
vn 0.155900 0.862300 0.481900
vn 0.284200 0.910500 0.300500
vn 0.228100 0.973000 0.036400
vn 0.233200 0.971300 0.046500
vn 0.269600 0.905600 0.327400
vn 0.241800 0.969500 0.040800
vn 0.243800 0.968900 0.041500
vn -0.574100 0.000000 0.818800
vn -1.000000 0.000000 0.001300
vn 0.147300 0.000500 0.989100
vn 0.118000 0.000000 0.993000
vn 0.187900 0.619300 0.762300
vn 0.183300 0.642700 0.743900
vn 0.113100 0.010500 0.993500
vn 0.121200 0.000700 0.992600
vn -0.795400 0.000000 0.606100
vn 0.130500 -0.820300 0.556800
vn 0.145300 -0.915300 0.375800
vn 0.820700 -0.000200 0.571300
vn 0.821100 -0.000100 0.570800
vn -0.005600 0.994800 0.102100
vn 0.003900 0.994600 0.104200
vn 0.002800 0.994500 0.104900
vn 0.009400 0.999100 0.040200
vn 0.008600 0.994100 0.108500
vn 0.002500 1.000000 -0.009300
vn -0.099400 0.992800 0.067000
vn -0.009600 0.994800 -0.101600
vn -0.005100 0.995400 0.095200
vn 0.000800 0.995200 0.098000
vn -0.002000 0.995400 0.095800
vn 0.001900 0.995500 0.094400
vn -0.000400 0.995500 0.094700
vn 0.000200 0.995400 0.096200
vn -0.024500 0.993800 0.108100
vn 0.037700 0.998600 0.037900
vn 0.001600 0.994800 -0.101700
vn -0.003400 0.995100 0.099200
vn -0.011300 0.998400 0.055800
vn -0.010300 0.986700 -0.162200
vn -0.066700 0.988800 0.133800
vn 0.122800 0.988500 0.088800
vn 0.000000 0.994600 0.103600
vn -0.000800 0.997200 0.074200
vn 0.000700 0.994500 0.104700
vn -0.074900 0.990200 0.117900
vn -0.670200 0.410100 0.618600
vn -0.675900 0.428000 0.600000
vn 0.030200 0.380700 0.924200
vn 0.030400 0.377900 0.925400
vn 0.764700 0.440300 0.470600
vn 0.784400 0.421500 0.455000
vn 0.872500 0.486300 0.048500
vn 0.871200 0.488400 0.049100
vn 0.606300 0.564300 -0.560400
vn 0.604900 0.562100 -0.564000
vn -0.027600 0.591800 -0.805600
vn -0.027400 0.594400 -0.803700
vn -0.383800 0.576400 -0.721400
vn -0.376600 0.582800 -0.720100
vn -0.811900 0.521700 -0.262000
vn -0.812500 0.520600 -0.262200
vn -0.546400 0.574900 -0.609000
vn -0.542600 0.577700 -0.609800
vn -0.868800 0.488900 0.078300
vn -0.870300 0.486200 0.078400
vn -0.425400 0.386800 0.818100
vn -0.428700 0.397900 0.811100
vn 0.007500 0.367800 0.929900
vn 0.007100 0.374200 0.927300
vn 0.694900 0.410300 0.590600
vn 0.702100 0.401200 0.588400
vn 0.866400 0.491300 -0.089700
vn 0.865500 0.493000 -0.089100
vn 0.447500 0.580400 -0.680400
vn 0.437600 0.569000 -0.696300
vn -0.020500 0.599800 -0.799900
vn -0.020800 0.596400 -0.802400
vn 0.991500 0.091900 -0.091900
vn 1.000000 0.000000 0.000000
vn 0.996700 0.080500 0.011800
vn 0.982600 0.011100 0.185500
vn 0.992700 0.009700 0.119900
vn 0.988300 -0.002300 0.152800
vn 0.988000 0.004700 0.154400
vn 0.988300 0.004500 0.152600
vn 0.975600 0.036000 0.216800
vn 0.995700 0.059200 -0.070700
vn 0.988100 -0.009500 0.153300
vn 0.987700 0.016400 0.155400
vn 0.960300 0.037600 0.276400
vn 0.998000 0.056000 0.030300
vn 0.307800 -0.950200 0.049200
vn 0.203100 -0.979200 0.000000
vn 0.331100 0.026900 -0.943200
vn 0.312300 0.028900 -0.949500
vn 0.204300 0.978400 0.032700
vn 0.322100 0.946700 -0.000000
vn 0.034100 0.002800 0.999400
vn 0.035300 0.003300 0.999400
vn 0.087200 -0.000000 -0.996200
vn 0.104000 -0.000100 -0.994600
vn 0.074300 0.004300 -0.997200
vn 0.121600 0.013300 -0.992500
vn 0.087800 -0.000100 -0.996100
vn 0.087900 -0.000000 -0.996100
vn -1.000000 0.000000 0.000000
vn 0.984000 -0.000000 -0.178300
vn 0.983400 0.001100 -0.181700
vn -0.795800 -0.000700 0.605500
vn -0.986200 -0.147600 0.075000
vn 0.875000 0.145800 0.461700
vn 0.336600 0.001400 0.941600
vn 0.283700 -0.002600 0.958900
vn 0.198000 -0.001600 0.980200
vn 0.197400 0.003100 0.980300
vn 0.160800 0.000300 0.987000
vn 0.360100 0.012400 0.932800
vn 0.363000 0.016600 0.931600
vn 0.173500 -0.002300 0.984800
vn 0.178900 -0.008300 0.983800
vn -0.294900 0.002800 0.955500
vn 0.421700 -0.006500 0.906700
vn -0.000000 1.000000 -0.000100
vn 0.170200 -0.679900 0.713300
vn 0.161200 -0.697900 0.697900
vn 0.451800 -0.660400 -0.599700
vn 0.420800 -0.641400 -0.641400
vn 0.421000 0.668800 -0.612800
vn 0.451400 0.631000 -0.631000
vn 0.158600 0.682100 0.713800
vn 0.172900 0.696500 0.696500
vn 0.376000 0.315900 -0.871100
vn 0.752200 0.328300 -0.571300
vn -0.959100 -0.030800 -0.281200
vn -0.955000 -0.030100 -0.294900
vn 0.371100 0.011200 0.928500
vn 0.912700 0.404400 0.058900
vn 0.937600 0.347700 0.006700
vn 0.964100 0.031200 0.263800
vn 0.740900 0.670900 -0.030800
vn 0.885000 0.464900 -0.027200
vn 0.812700 0.439600 -0.382500
vn 0.696200 0.606600 -0.383700
vn -0.830000 -0.031300 0.556800
vn -0.824800 -0.026500 0.564800
vn -0.828200 -0.012900 0.560300
vn 0.999300 0.032200 -0.017700
vn 0.998900 0.032500 -0.034800
vn 0.997800 0.060500 -0.027400
vn 0.992700 0.119300 -0.020200
vn 0.274300 0.216500 -0.937000
vn 0.378300 0.062100 0.923600
vn 0.370300 0.065000 0.926600
vn -0.996200 -0.068900 0.052900
vn -0.998900 -0.042200 0.018500
vn 0.731700 0.307200 -0.608500
vn 0.007700 0.921600 -0.388100
vn 0.431400 0.789900 -0.435800
vn 0.163900 0.797600 -0.580400
vn 0.360000 0.495000 -0.790800
vn 0.417500 0.883100 -0.214100
vn 0.216900 0.619000 -0.754900
vn 0.029900 0.584200 -0.811100
vn -0.017900 -0.003200 0.999800
vn -0.999400 -0.030200 0.018500
vn -0.602500 -0.020300 0.797900
vn -0.621000 -0.019600 0.783600
vn -0.991900 -0.093400 -0.086000
vn -0.232300 0.645600 -0.727500
vn 0.000000 0.744300 -0.667800
vn -0.888000 0.050500 -0.457100
vn 0.983800 -0.000000 -0.179000
vn -0.999800 0.020000 -0.000000
vn 0.000000 0.174200 -0.984700
vn -0.000000 0.174200 -0.984700
vn -0.395600 0.160000 -0.904400
vn -0.506800 0.076100 -0.858700
vn 0.942800 -0.000000 -0.333400
vn 0.942800 -0.000000 -0.333300
vn 0.951700 0.021300 -0.306400
vn -0.988900 0.148500 0.000000
vn -0.988900 0.148500 -0.000000
vn 0.955600 -0.000000 -0.294500
vn 0.951900 0.005900 -0.306400
vn 0.000000 0.000000 1.000000
vn 0.285600 0.803600 -0.522100
vn 0.810000 0.461300 -0.362000
vn 0.787000 0.259400 -0.559700
vn 0.248700 0.450000 -0.857700
vn 0.332500 0.942700 -0.029100
vn 0.838500 0.540000 -0.073200
vn 0.371900 0.803600 0.464600
vn 0.860500 0.461600 0.215500
vn 0.393900 0.450000 0.801500
vn 0.872000 0.259300 0.415200
vn 0.400200 -0.000000 0.916400
vn 0.875500 0.000000 0.483200
vn -0.274000 0.465600 -0.841500
vn -0.251300 0.832700 -0.493400
vn -0.211400 0.977200 0.019000
vn -0.164700 0.831800 0.530100
vn -0.128900 0.464700 0.876100
vn -0.115800 -0.000000 0.993300
vn -0.459500 0.768600 -0.445000
vn -0.471700 0.428900 -0.770400
vn -0.428200 0.903000 0.036200
vn -0.381600 0.767300 0.515300
vn -0.341400 0.427700 0.837000
vn -0.326100 -0.000000 0.945300
vn 0.778300 -0.000000 -0.627900
vn 0.994400 -0.000000 -0.106100
vn 0.273000 -0.870800 -0.408900
vn 0.482200 -0.872200 0.082100
vn 0.235000 -0.000000 -0.972000
vn -0.280800 0.000000 -0.959800
vn -0.474000 -0.000000 -0.880500
vn 0.285600 -0.803600 -0.522100
vn 0.248700 -0.450000 -0.857700
vn 0.787000 -0.259400 -0.559700
vn 0.810000 -0.461300 -0.362000
vn 0.332500 -0.942700 -0.029100
vn 0.838500 -0.540000 -0.073200
vn 0.371900 -0.803600 0.464600
vn 0.860500 -0.461600 0.215500
vn 0.393900 -0.450000 0.801500
vn 0.872000 -0.259300 0.415200
vn -0.251300 -0.832700 -0.493400
vn -0.274000 -0.465600 -0.841500
vn -0.211400 -0.977200 0.019000
vn -0.164700 -0.831800 0.530100
vn -0.128900 -0.464700 0.876100
vn -0.459500 -0.768600 -0.445000
vn -0.471700 -0.428900 -0.770400
vn -0.428200 -0.903000 0.036200
vn -0.381600 -0.767300 0.515300
vn -0.341400 -0.427700 0.837000
vn 0.273000 0.870800 -0.408900
vn 0.482200 0.872200 0.082100
vn -0.045900 0.850000 -0.524800
vn -0.076800 0.473300 -0.877500
vn 0.045900 0.850000 0.524800
vn 0.076800 0.473300 0.877500
vn 0.087200 -0.000000 0.996200
vn 0.087200 0.000000 0.996200
vn -0.087200 -0.000000 -0.996200
vn -0.087200 0.000000 -0.996200
vn -0.076800 -0.473300 -0.877500
vn -0.045900 -0.850000 -0.524800
vn 0.045900 -0.850000 0.524800
vn 0.076800 -0.473300 0.877500
vn -0.285600 0.803600 -0.522100
vn -0.248700 0.450000 -0.857700
vn -0.787000 0.259400 -0.559700
vn -0.810000 0.461300 -0.362000
vn -0.332500 0.942700 -0.029100
vn -0.838500 0.540000 -0.073200
vn -0.371900 0.803600 0.464600
vn -0.860500 0.461600 0.215500
vn -0.393900 0.450000 0.801500
vn -0.872000 0.259300 0.415200
vn -0.875500 -0.000000 0.483200
vn -0.400200 0.000000 0.916400
vn 0.251300 0.832700 -0.493400
vn 0.274000 0.465600 -0.841500
vn 0.211400 0.977200 0.019000
vn 0.164800 0.831800 0.530100
vn 0.128900 0.464700 0.876100
vn 0.115800 0.000000 0.993300
vn 0.459500 0.768600 -0.445000
vn 0.471700 0.428900 -0.770400
vn 0.428200 0.903000 0.036200
vn 0.381600 0.767300 0.515300
vn 0.341400 0.427700 0.837000
vn 0.326100 -0.000000 0.945300
vn -0.778300 0.000000 -0.627900
vn -0.994300 -0.000000 -0.106200
vn -0.273100 -0.870800 -0.408800
vn -0.482500 -0.872100 0.081900
vn -0.235000 -0.000000 -0.972000
vn 0.280800 -0.000000 -0.959800
vn 0.474000 -0.000000 -0.880500
vn -0.285600 -0.803600 -0.522100
vn -0.810000 -0.461300 -0.362000
vn -0.787000 -0.259400 -0.559700
vn -0.248700 -0.450000 -0.857700
vn -0.332500 -0.942700 -0.029100
vn -0.838500 -0.540000 -0.073200
vn -0.371900 -0.803600 0.464600
vn -0.860500 -0.461600 0.215500
vn -0.393900 -0.450000 0.801500
vn -0.872000 -0.259300 0.415200
vn 0.274000 -0.465600 -0.841500
vn 0.251300 -0.832700 -0.493400
vn 0.211400 -0.977200 0.019000
vn 0.164700 -0.831800 0.530100
vn 0.128900 -0.464700 0.876100
vn 0.459500 -0.768600 -0.445000
vn 0.471700 -0.428900 -0.770400
vn 0.428200 -0.903000 0.036200
vn 0.381600 -0.767300 0.515300
vn 0.341400 -0.427700 0.837000
vn -0.273100 0.870800 -0.408800
vn -0.482500 0.872100 0.081900
vn 0.045900 0.850000 -0.524800
vn 0.076800 0.473300 -0.877500
vn -0.045900 0.850000 0.524800
vn -0.076800 0.473300 0.877500
vn -0.087200 0.000000 0.996200
vn 0.076800 -0.473300 -0.877500
vn 0.045900 -0.850000 -0.524800
vn -0.045900 -0.850000 0.524800
vn -0.076800 -0.473300 0.877500
vn 0.500000 -0.000000 0.866000
vn 1.000000 -0.000000 -0.000000
vn -0.500000 0.000000 0.866000
vn -1.000000 0.000000 -0.000000
vn -0.500000 0.000000 -0.866000
vn 0.500000 -0.000000 -0.866000
vn -0.500000 -0.000000 -0.866000
vn 0.618400 -0.649700 0.442100
vn 0.707000 -0.707200 0.000200
vn 0.908000 0.319100 -0.271500
vn 0.759800 0.225200 -0.609800
vn 0.839500 0.509300 -0.189400
vn 0.838500 0.508300 0.196100
vn 0.888200 -0.390300 0.242500
vn 0.077300 0.695700 -0.714100
vn 0.489500 0.442900 -0.751200
vn 0.633200 0.723000 -0.276400
vn 0.624000 0.726200 0.288700
vn 0.751700 0.204300 0.627000
vn 0.462600 0.411700 0.785200
vn 0.172900 -0.376200 0.910300
vn 0.703300 -0.190000 0.685000
vn 0.751200 -0.566900 0.338200
vn -0.000000 -0.836300 0.548200
vn 0.151900 -0.885100 0.440000
vn 0.707400 0.703900 -0.064000
vn 0.009900 0.995800 -0.091200
vn 0.683400 -0.730100 0.000400
vn -1.000000 -0.000000 -0.000600
vn 0.888200 0.390200 0.242500
vn 0.838500 -0.508300 0.196100
vn 0.839500 -0.509300 -0.189400
vn 0.618400 0.649700 0.442100
vn 0.759800 -0.225200 -0.609800
vn 0.908000 -0.319100 -0.271500
vn 0.707000 0.707200 0.000200
vn 0.489500 -0.442900 -0.751200
vn 0.077300 -0.695700 -0.714100
vn 0.624000 -0.726200 0.288700
vn 0.633200 -0.723000 -0.276400
vn 0.751700 -0.204300 0.627000
vn 0.703300 0.190000 0.685000
vn 0.172900 0.376200 0.910300
vn 0.462600 -0.411700 0.785200
vn 0.751200 0.566900 0.338200
vn -0.000000 0.836300 0.548200
vn 0.151900 0.885100 0.440000
vn 0.009900 -0.995800 -0.091200
vn 0.707400 -0.703900 -0.064000
vn 0.683400 0.730100 0.000400
vn -1.000000 0.000000 -0.000600
usemtl mitt_body
f 1/1/1 2/2/2 3/3/3
f 3/3/3 4/4/4 1/1/1
f 5/5/5 6/6/5 7/7/6
f 5/5/5 7/7/6 8/8/7
f 9/9/8 5/5/5 8/8/7
f 10/10/9 11/11/10 12/12/11
f 12/12/11 13/13/12 14/14/13
f 10/10/9 12/12/11 14/14/13
f 15/15/14 16/16/14 17/17/15
f 17/17/15 18/18/16 15/15/14
f 19/19/17 20/20/18 21/21/19
f 21/21/19 22/22/17 19/19/17
f 23/23/20 24/24/21 25/25/22
f 25/25/22 26/26/23 23/23/20
f 27/27/14 28/28/14 29/29/24
f 29/29/24 30/30/25 27/27/14
f 31/31/26 32/32/26 33/33/27
f 34/34/28 8/8/7 7/7/6
f 7/7/6 35/35/29 34/34/28
f 36/36/30 1/1/1 4/4/4
f 4/4/4 37/37/31 36/36/30
f 38/38/32 39/39/32 40/40/32
f 40/40/33 41/41/33 38/38/33
f 42/42/34 43/43/35 44/44/36
f 44/44/36 45/45/37 46/46/38
f 42/42/34 44/44/36 46/46/38
f 47/47/39 42/42/34 46/46/38
f 48/48/40 7/49/41 6/50/42
f 49/51/43 48/48/40 6/50/42
f 49/51/43 6/50/42 50/52/44
f 51/53/14 15/15/14 52/54/14
f 19/19/17 53/55/45 54/56/46
f 24/24/21 34/34/28 35/35/29
f 35/35/29 25/25/22 24/24/21
f 55/57/47 56/58/48 57/59/49
f 55/57/47 57/59/49 58/60/50
f 59/61/51 55/57/47 58/60/50
f 16/16/14 27/27/14 30/30/25
f 30/30/25 17/17/15 16/16/14
f 20/20/18 33/33/27 60/62/27
f 60/62/27 21/21/19 20/20/18
f 61/63/52 43/43/52 42/42/52
f 42/42/53 62/64/53 61/63/53
f 63/65/54 64/66/54 48/48/40
f 48/48/40 49/51/43 65/67/55
f 65/67/55 63/65/54 48/48/40
f 66/68/56 67/69/57 68/70/57
f 68/70/57 49/51/43 66/68/56
f 54/56/46 53/55/45 69/71/58
f 69/71/58 2/72/59 54/56/46
f 53/55/45 19/19/17 22/22/17
f 22/22/17 70/73/60 53/55/45
f 71/74/61 72/75/61 53/76/45
f 53/76/45 70/77/60 71/74/61
f 73/78/62 74/79/62 72/75/61
f 72/75/61 71/74/61 75/80/63
f 73/78/62 72/75/61 75/80/63
f 76/81/64 77/82/64 74/79/62
f 74/79/62 73/78/62 78/83/65
f 76/81/64 74/79/62 78/83/65
f 79/84/66 80/85/66 77/82/64
f 77/82/64 76/81/64 79/84/66
f 81/86/67 69/87/58 80/85/66
f 80/85/66 79/84/66 81/86/67
f 82/88/68 83/89/69 84/90/70
f 84/90/70 85/91/71 82/88/68
f 86/92/14 87/93/14 88/94/14
f 88/94/14 89/95/54 86/92/14
f 29/96/54 29/29/24 28/28/14
f 28/28/14 90/97/54 29/96/54
f 90/97/54 91/98/57 29/96/54
f 92/99/72 93/100/73 94/101/74
f 94/101/74 95/102/75 92/99/72
f 96/103/14 88/94/14 87/93/14
f 87/93/14 97/104/14 96/103/14
f 98/105/76 99/106/76 100/107/77
f 100/107/77 101/108/78 98/105/76
f 102/109/79 103/110/80 99/106/76
f 99/106/76 98/105/76 102/109/79
f 104/111/81 105/112/81 103/110/80
f 103/110/80 102/109/79 104/111/81
f 106/113/82 107/114/82 105/112/81
f 105/112/81 104/111/81 106/113/82
f 108/115/83 32/116/83 109/117/84
f 109/117/84 110/118/84 108/115/83
f 110/118/84 109/117/84 107/114/82
f 107/114/82 106/113/82 110/118/84
f 33/33/27 32/32/26 108/119/26
f 108/119/26 60/62/27 33/33/27
f 32/32/85 31/31/85 111/120/85
f 111/120/85 100/121/85 32/32/85
f 32/122/14 100/123/14 99/124/14
f 103/125/54 32/122/54 99/124/54
f 107/126/54 103/125/54 105/127/54
f 107/126/14 109/128/14 103/125/14
f 109/128/14 32/122/14 103/125/14
f 36/129/30 37/130/31 5/5/86
f 5/5/86 9/9/87 36/129/30
f 101/131/88 89/95/89 88/94/90
f 88/94/90 98/132/91 101/131/88
f 96/103/92 112/133/93 104/134/94
f 104/134/94 102/135/95 96/103/92
f 112/133/93 91/98/96 106/136/97
f 106/136/97 104/134/94 112/133/93
f 91/98/96 90/97/98 110/137/99
f 110/137/99 106/136/97 91/98/96
f 110/137/99 90/97/98 28/28/100
f 28/28/100 108/138/101 110/137/99
f 108/138/102 28/28/103 27/27/104
f 27/27/104 60/139/105 108/138/102
f 60/139/105 27/27/104 16/16/106
f 16/16/106 21/140/107 60/139/105
f 16/16/106 15/15/108 22/141/109
f 22/141/109 21/140/107 16/16/106
f 70/142/110 51/53/111 71/143/112
f 15/15/108 51/53/111 70/142/110
f 70/142/110 22/141/109 15/15/108
f 51/53/111 52/54/113 71/143/112
f 52/54/14 15/15/14 18/18/16
f 52/54/14 18/18/16 48/48/40
f 64/66/54 52/54/14 48/48/40
f 52/54/113 64/66/114 71/143/112
f 64/66/114 63/65/115 73/144/116
f 73/144/116 75/145/117 64/66/114
f 113/146/55 65/67/55 49/51/43
f 49/51/43 68/70/57 113/146/55
f 65/67/118 113/146/119 76/147/120
f 76/147/120 78/148/121 65/67/118
f 113/146/119 68/70/122 79/149/123
f 79/149/123 76/147/120 113/146/119
f 68/70/122 67/69/124 81/150/125
f 81/150/125 79/149/123 68/70/122
f 96/103/92 102/135/95 98/132/91
f 98/132/91 88/94/90 96/103/92
f 65/67/118 78/148/121 73/144/116
f 73/144/116 63/65/115 65/67/118
f 64/66/114 75/145/117 71/143/112
f 114/151/126 115/152/127 92/99/72
f 92/99/72 116/153/128 114/151/126
f 117/154/129 118/155/130 119/156/131
f 120/157/132 97/158/133 87/159/134
f 87/159/134 121/160/135 120/157/132
f 87/161/136 86/162/136 122/163/136
f 122/163/137 121/164/137 87/161/137
f 93/100/138 117/165/139 119/166/140
f 119/166/140 123/167/141 93/100/138
f 124/168/142 120/169/143 121/170/144
f 121/170/144 125/171/145 124/168/142
f 121/164/144 122/163/146 126/172/147
f 126/172/147 125/173/145 121/164/144
f 127/174/54 116/153/128 29/29/24
f 127/174/54 29/29/24 29/96/54
f 127/174/54 29/96/54 91/98/57
f 112/133/54 118/175/54 117/165/57
f 112/133/54 117/165/57 128/176/57
f 91/98/57 112/133/54 128/176/57
f 127/174/54 91/98/57 128/176/57
f 93/177/148 92/178/148 117/179/148
f 117/179/149 92/178/149 115/180/149
f 115/180/149 128/181/149 117/179/149
f 128/181/150 115/180/150 114/182/150
f 114/182/150 127/183/150 128/181/150
f 127/183/151 114/182/151 116/184/151
f 58/185/152 57/186/153 129/187/154
f 129/187/154 130/188/155 58/185/152
f 131/189/156 132/190/157 133/191/158
f 133/191/158 134/192/159 131/189/156
f 93/100/73 131/193/156 134/194/159
f 134/194/159 94/101/74 93/100/73
f 56/195/160 133/191/160 57/196/160
f 57/186/161 133/191/161 132/190/161
f 132/190/162 129/187/162 57/186/162
f 129/187/163 132/190/163 131/189/163
f 131/189/164 93/197/164 129/187/164
f 23/23/20 26/26/23 55/57/47
f 55/57/47 59/61/51 23/23/20
f 135/198/165 95/102/75 94/101/74
f 94/101/74 55/199/166 26/200/167
f 26/200/167 136/201/168 137/202/169
f 26/200/167 137/202/169 138/203/170
f 94/101/74 26/200/167 138/203/170
f 135/198/165 94/101/74 138/203/170
f 139/204/171 136/201/168 26/200/167
f 139/204/171 26/200/167 25/205/172
f 17/17/15 140/206/173 141/207/174
f 17/17/15 141/207/174 142/208/175
f 25/205/172 17/17/15 142/208/175
f 139/204/171 25/205/172 142/208/175
f 35/209/176 143/210/177 144/211/178
f 25/205/172 35/209/176 144/211/178
f 25/205/172 144/211/178 145/212/179
f 25/205/172 145/212/179 146/213/180
f 17/17/15 25/205/172 146/213/180
f 147/214/181 17/17/15 146/213/180
f 48/48/40 148/215/182 149/216/183
f 48/48/40 149/216/183 150/217/184
f 143/210/177 35/209/176 7/49/41
f 150/217/184 143/210/177 7/49/41
f 48/48/40 150/217/184 7/49/41
f 151/218/185 152/219/185 153/220/185
f 153/220/186 154/221/186 151/218/186
f 155/222/187 156/223/187 153/220/187
f 153/220/188 152/219/188 157/224/188
f 155/222/189 153/220/189 157/224/189
f 158/225/190 155/222/190 157/224/190
f 92/99/72 95/102/75 116/153/128
f 135/198/165 30/30/25 29/29/24
f 135/198/165 29/29/24 116/153/128
f 95/102/75 135/198/165 116/153/128
f 135/198/165 140/206/173 17/17/15
f 17/17/15 30/30/25 135/198/165
f 18/18/16 17/17/15 147/214/181
f 147/214/181 148/215/182 18/18/16
f 148/215/182 48/48/40 18/18/16
f 138/203/191 62/64/191 42/42/191
f 42/42/192 135/198/192 138/203/192
f 135/198/193 42/42/193 47/47/193
f 47/47/194 140/206/194 135/198/194
f 140/206/195 47/47/195 46/46/195
f 46/46/196 141/207/196 140/206/196
f 141/207/197 46/46/197 45/45/197
f 45/45/198 142/208/198 141/207/198
f 142/208/199 45/45/199 44/44/199
f 44/44/200 139/204/200 142/208/200
f 139/204/201 44/44/201 43/43/201
f 43/43/202 136/201/202 139/204/202
f 136/201/203 43/43/203 61/63/203
f 61/63/204 137/202/204 136/201/204
f 137/202/205 61/63/205 62/64/205
f 62/64/206 138/203/206 137/202/206
f 144/211/207 156/223/207 155/222/207
f 155/222/208 145/212/208 144/211/208
f 145/212/209 155/222/209 158/225/209
f 158/225/210 146/213/210 145/212/210
f 146/213/211 158/225/211 157/224/211
f 157/224/212 147/214/212 146/213/212
f 147/214/213 157/224/213 152/219/213
f 152/219/214 148/215/214 147/214/214
f 148/215/215 152/219/215 151/218/215
f 151/218/216 149/216/216 148/215/216
f 149/216/217 151/218/217 154/221/217
f 154/221/218 150/217/218 149/216/218
f 150/217/219 154/221/219 153/220/219
f 153/220/220 143/210/220 150/217/220
f 143/210/221 153/220/221 156/223/221
f 156/223/222 144/211/222 143/210/222
f 159/226/223 160/227/223 161/228/223
f 161/228/224 162/229/224 163/230/224
f 159/226/225 161/228/225 163/230/225
f 163/230/223 164/231/223 165/232/223
f 159/226/225 163/230/225 165/232/225
f 166/233/224 159/226/224 165/232/224
f 126/172/226 167/234/227 168/235/228
f 168/235/228 125/173/229 126/172/226
f 125/173/229 169/236/230 170/237/231
f 170/237/231 171/238/232 11/11/10
f 125/173/229 170/237/231 11/11/10
f 171/238/232 172/239/233 173/240/234
f 11/11/10 171/238/232 173/240/234
f 11/11/10 173/240/234 12/12/11
f 12/12/11 174/241/235 175/242/236
f 175/242/236 126/172/226 12/12/11
f 167/243/237 163/244/237 162/245/237
f 162/245/238 168/246/238 167/243/238
f 169/247/239 161/248/239 160/249/239
f 160/249/240 170/250/240 169/247/240
f 172/251/241 159/252/241 166/253/241
f 166/253/242 173/254/242 172/251/242
f 174/255/243 165/256/243 164/257/243
f 164/257/244 175/258/244 174/255/244
f 13/259/245 12/260/245 126/261/245
f 13/259/246 126/261/246 122/262/246
f 122/262/247 86/263/247 89/264/247
f 13/259/248 122/262/248 89/264/248
f 89/264/249 101/265/249 100/266/249
f 13/259/250 89/264/250 100/266/250
f 176/267/251 13/259/251 100/266/251
f 111/268/252 38/38/252 41/41/252
f 41/41/252 176/269/252 111/268/252
f 176/267/54 41/41/54 40/40/54
f 40/40/14 13/259/14 176/267/14
f 13/270/253 40/40/253 39/39/253
f 39/39/254 14/271/254 13/270/254
f 94/272/255 134/192/255 133/191/255
f 133/191/256 56/195/256 94/272/256
f 56/58/48 55/57/47 94/273/257
f 177/274/258 178/275/259 123/276/260
f 123/276/260 124/277/261 177/274/258
f 178/275/259 129/187/154 93/197/262
f 93/197/262 123/276/260 178/275/259
f 83/89/69 82/88/68 130/188/155
f 178/275/259 83/89/69 130/188/155
f 178/275/259 130/188/155 129/187/154
f 11/278/263 10/279/264 85/91/71
f 11/278/263 85/91/71 84/90/70
f 177/274/258 11/278/263 84/90/70
f 177/274/258 124/277/261 125/280/265
f 125/280/265 11/278/263 177/274/258
f 96/103/14 97/104/14 118/175/54
f 118/175/54 112/133/54 96/103/14
f 123/167/141 119/166/140 120/169/143
f 120/169/143 124/168/142 123/167/141
f 119/156/131 118/155/130 97/158/133
f 97/158/133 120/157/132 119/156/131
f 179/281/266 180/282/266 181/283/266
f 181/283/267 182/284/267 179/281/267
f 177/285/54 179/286/54 182/287/54
f 182/287/14 178/288/14 177/285/14
f 178/275/268 182/284/268 181/283/268
f 181/283/268 83/89/268 178/275/268
f 83/289/269 181/290/269 180/291/269
f 180/291/269 84/292/269 83/289/269
f 84/90/270 180/282/270 179/281/270
f 179/281/270 177/274/270 84/90/270
f 80/293/271 72/294/271 74/295/271
f 74/295/57 77/296/57 80/293/57
f 72/294/14 80/293/14 69/297/14
f 69/297/14 53/298/14 72/294/14
f 66/68/56 49/51/43 4/299/4
f 4/299/4 3/300/3 66/68/56
f 49/51/43 50/52/44 37/301/31
f 37/301/31 4/299/4 49/51/43
f 5/302/86 37/301/31 50/52/44
f 50/52/44 6/50/42 5/302/86
f 126/172/226 175/242/236 167/234/227
f 125/173/229 168/235/228 169/236/230
f 171/238/232 170/237/231 172/239/233
f 12/12/11 173/240/234 174/241/235
f 175/258/272 164/257/272 163/244/272
f 163/244/273 167/243/273 175/258/273
f 168/246/274 162/245/274 161/248/274
f 161/248/275 169/247/275 168/246/275
f 170/303/276 160/304/276 159/252/276
f 159/252/277 172/251/277 170/303/277
f 173/254/278 166/253/278 165/256/278
f 165/256/279 174/255/279 173/254/279
f 183/305/280 184/306/281 185/307/282
f 185/307/282 186/308/283 183/305/280
f 187/309/284 188/310/284 189/311/284
f 189/311/285 190/312/285 187/309/285
f 191/313/286 192/314/286 193/315/286
f 193/315/286 194/316/286 191/313/286
f 195/317/287 196/318/288 197/319/289
f 195/317/287 197/319/289 198/320/290
f 195/317/287 198/320/290 199/321/291
f 200/322/292 201/323/293 202/324/294
f 202/324/294 203/325/295 200/322/292
f 189/311/296 204/326/296 205/327/296
f 190/312/297 189/311/297 205/327/297
f 206/328/298 190/312/298 205/327/298
f 195/317/287 186/308/283 185/307/282
f 185/307/282 196/318/288 195/317/287
f 192/314/299 191/313/300 207/329/301
f 207/329/301 208/330/302 192/314/299
f 205/331/303 204/332/304 184/306/281
f 184/306/281 183/305/280 205/331/303
f 203/325/305 191/313/305 194/316/305
f 194/316/306 200/333/306 203/325/306
f 200/334/307 194/335/307 187/309/307
f 187/309/308 201/336/308 200/334/308
f 191/313/300 203/325/295 202/324/294
f 191/313/300 202/324/294 209/337/309
f 207/329/301 191/313/300 209/337/309
f 199/321/291 207/329/301 209/337/309
f 190/338/310 206/339/311 210/340/312
f 210/340/312 211/341/313 190/338/310
f 212/342/314 190/338/310 211/341/313
f 213/343/315 187/344/316 190/338/310
f 190/338/310 212/342/314 213/343/315
f 201/345/293 187/346/316 213/347/315
f 202/324/294 201/345/293 213/347/315
f 202/324/294 213/347/315 209/337/309
f 183/305/280 186/308/283 211/348/313
f 211/348/313 210/349/312 183/305/280
f 195/317/287 199/321/291 213/347/315
f 213/347/315 212/350/314 195/317/287
f 186/308/283 195/317/287 212/350/314
f 212/350/314 211/348/313 186/308/283
f 205/331/303 183/305/280 210/349/312
f 210/349/312 206/351/311 205/331/303
f 209/337/309 213/347/315 199/321/291
f 208/330/302 207/329/301 199/321/291
f 199/321/291 198/320/290 208/330/302
f 197/319/289 214/352/317 208/330/302
f 208/330/302 198/320/290 197/319/289
f 208/353/318 215/354/318 193/355/318
f 193/355/318 192/356/318 208/353/318
f 214/357/319 39/358/319 215/354/319
f 215/354/245 208/353/245 214/357/245
f 215/359/320 39/360/320 188/310/320
f 215/359/321 188/310/321 187/309/321
f 193/361/322 215/359/322 187/309/322
f 193/361/323 187/309/323 194/335/323
f 216/362/54 217/363/54 218/364/54
f 216/362/54 218/364/54 219/365/54
f 220/366/54 216/362/54 219/365/54
f 221/367/324 222/368/325 223/369/326
f 223/369/326 224/370/327 221/367/324
f 225/371/328 221/367/324 224/370/327
f 224/370/327 226/372/329 225/371/328
f 222/373/330 227/374/330 223/375/330
f 228/376/331 225/371/328 226/372/329
f 226/372/329 229/377/332 228/376/331
f 219/378/333 230/379/333 227/380/333
f 227/380/334 220/381/334 219/378/334
f 218/364/335 226/372/335 230/379/335
f 230/379/336 219/378/336 218/364/336
f 220/382/337 227/374/337 231/383/337
f 220/382/338 231/383/338 232/384/338
f 220/382/339 232/384/339 216/385/339
f 217/363/340 229/377/340 226/372/340
f 226/372/341 218/364/341 217/363/341
f 224/386/327 223/387/326 227/388/14
f 227/388/14 230/389/54 224/386/327
f 226/390/329 224/386/327 230/389/54
f 231/383/342 227/374/342 222/373/342
f 222/373/343 233/391/343 231/383/343
f 234/392/344 235/393/344 229/394/344
f 234/392/345 229/394/345 217/395/345
f 234/392/344 217/395/344 216/396/344
f 234/392/344 216/396/344 232/397/344
f 229/394/344 235/393/344 236/398/344
f 236/398/344 228/399/344 229/394/344
f 1/400/1 237/401/346 238/402/347
f 238/402/347 2/403/2 1/400/1
f 239/404/348 240/405/349 241/406/349
f 8/407/7 239/404/348 241/406/349
f 9/408/8 8/407/7 241/406/349
f 14/409/13 242/410/350 243/411/351
f 10/412/9 14/409/13 243/411/351
f 10/412/9 243/411/351 244/413/352
f 245/414/353 246/415/354 247/416/355
f 247/416/355 248/417/353 245/414/353
f 19/418/17 249/419/356 250/420/18
f 250/420/18 20/421/18 19/418/17
f 23/422/20 251/423/357 252/424/358
f 252/424/358 24/425/21 23/422/20
f 253/426/353 254/427/359 255/428/360
f 255/428/360 256/429/353 253/426/353
f 31/430/26 33/431/27 257/432/361
f 34/433/28 258/434/362 239/404/348
f 239/404/348 8/407/7 34/433/28
f 36/435/30 259/436/363 237/401/346
f 237/401/346 1/400/1 36/435/30
f 38/437/364 260/438/364 261/439/364
f 261/439/365 39/440/365 38/437/365
f 262/441/366 263/442/367 264/443/368
f 264/443/368 265/444/369 266/445/370
f 262/441/366 264/443/368 266/445/370
f 267/446/371 262/441/366 266/445/370
f 268/447/372 269/448/373 240/449/374
f 240/449/374 239/450/375 270/451/376
f 268/447/372 240/449/374 270/451/376
f 271/452/353 272/453/353 245/414/353
f 19/418/17 54/454/46 273/455/377
f 24/425/21 252/424/358 258/434/362
f 258/434/362 34/433/28 24/425/21
f 274/456/378 275/457/379 276/458/380
f 58/459/50 274/456/378 276/458/380
f 59/460/51 58/459/50 276/458/380
f 248/417/353 247/416/355 254/427/359
f 254/427/359 253/426/353 248/417/353
f 20/421/18 250/420/18 277/461/381
f 277/461/381 33/431/27 20/421/18
f 278/462/382 279/463/382 266/445/382
f 266/445/383 265/444/383 278/462/383
f 280/464/318 270/451/376 281/465/318
f 270/451/376 280/464/318 282/466/384
f 282/466/384 268/447/372 270/451/376
f 283/467/385 268/447/372 284/468/269
f 284/468/269 285/469/269 283/467/385
f 54/454/46 2/470/59 286/471/386
f 286/471/386 273/455/377 54/454/46
f 273/455/377 287/472/387 249/419/356
f 249/419/356 19/418/17 273/455/377
f 288/473/388 287/474/387 273/475/377
f 273/475/377 289/476/388 288/473/388
f 290/477/389 288/473/388 289/476/388
f 291/478/390 290/477/389 289/476/388
f 291/478/390 289/476/388 292/479/390
f 293/480/391 291/478/390 292/479/390
f 294/481/392 293/480/391 292/479/390
f 294/481/392 292/479/390 295/482/392
f 296/483/393 294/481/392 295/482/392
f 295/482/392 297/484/393 296/483/393
f 298/485/394 296/483/393 297/484/393
f 297/484/393 286/486/386 298/485/394
f 82/487/68 85/488/71 299/489/395
f 299/489/395 300/490/396 82/487/68
f 301/491/353 302/492/318 303/493/353
f 303/493/353 304/494/353 301/491/353
f 255/495/318 305/496/318 256/429/353
f 256/429/353 255/428/360 255/495/318
f 305/496/318 255/495/318 306/497/269
f 307/498/397 308/499/398 309/500/399
f 309/500/399 310/501/400 307/498/397
f 311/502/353 312/503/353 304/494/353
f 304/494/353 303/493/353 311/502/353
f 313/504/401 314/505/77 315/506/78
f 315/506/78 316/507/401 313/504/401
f 317/508/80 313/504/401 316/507/401
f 316/507/401 318/509/79 317/508/80
f 319/510/402 317/508/80 318/509/79
f 318/509/79 320/511/402 319/510/402
f 321/512/403 319/510/402 320/511/402
f 320/511/402 322/513/403 321/512/403
f 323/514/404 324/515/405 325/516/405
f 325/516/405 257/517/404 323/514/404
f 324/515/405 321/512/403 322/513/403
f 322/513/403 325/516/405 324/515/405
f 33/431/27 277/461/381 323/518/361
f 323/518/361 257/432/361 33/431/27
f 257/432/406 315/519/406 111/520/406
f 111/520/406 31/430/406 257/432/406
f 257/521/353 316/522/353 315/523/353
f 318/524/318 316/522/318 257/521/318
f 322/525/318 320/526/318 318/524/318
f 322/525/353 318/524/353 325/527/353
f 325/527/353 318/524/353 257/521/353
f 36/528/30 9/408/87 241/406/407
f 241/406/407 259/529/363 36/528/30
f 314/530/408 313/531/409 303/493/410
f 303/493/410 302/492/411 314/530/408
f 311/502/412 317/532/413 319/533/414
f 319/533/414 326/534/415 311/502/412
f 326/534/415 319/533/414 321/535/416
f 321/535/416 306/497/417 326/534/415
f 306/497/417 321/535/416 324/536/418
f 324/536/418 305/496/419 306/497/417
f 324/536/418 323/537/420 256/429/421
f 256/429/421 305/496/419 324/536/418
f 323/537/422 277/538/423 253/426/424
f 253/426/424 256/429/425 323/537/422
f 277/538/423 250/539/426 248/417/427
f 248/417/427 253/426/424 277/538/423
f 248/417/427 250/539/426 249/540/428
f 249/540/428 245/414/429 248/417/427
f 287/541/430 288/542/431 271/452/432
f 245/414/429 249/540/428 287/541/430
f 287/541/430 271/452/432 245/414/429
f 271/452/432 288/542/431 272/453/433
f 246/415/354 245/414/353 272/453/353
f 270/451/376 246/415/354 272/453/353
f 281/465/318 270/451/376 272/453/353
f 272/453/433 288/542/431 281/465/434
f 281/465/434 290/543/435 291/544/436
f 291/544/436 280/464/437 281/465/434
f 327/545/384 284/468/269 268/447/372
f 268/447/372 282/466/384 327/545/384
f 282/466/438 293/546/439 294/547/440
f 294/547/440 327/545/441 282/466/438
f 327/545/441 294/547/440 296/548/442
f 296/548/442 284/468/443 327/545/441
f 284/468/443 296/548/442 298/549/444
f 298/549/444 285/469/445 284/468/443
f 311/502/412 303/493/410 313/531/409
f 313/531/409 317/532/413 311/502/412
f 282/466/438 280/464/437 291/544/436
f 291/544/436 293/546/439 282/466/438
f 281/465/434 288/542/431 290/543/435
f 328/550/446 329/551/447 307/498/397
f 307/498/397 330/552/448 328/550/446
f 331/553/449 332/554/450 333/555/451
f 334/556/452 335/557/453 304/558/454
f 304/558/454 312/559/455 334/556/452
f 304/560/456 335/561/456 336/562/456
f 336/562/457 301/563/457 304/560/457
f 310/501/458 337/564/459 332/565/460
f 332/565/460 331/566/461 310/501/458
f 338/567/462 339/568/463 335/569/464
f 335/569/464 334/570/465 338/567/462
f 335/561/464 339/571/463 340/572/466
f 340/572/466 336/562/467 335/561/464
f 331/566/269 333/573/318 326/534/318
f 341/574/269 331/566/269 326/534/318
f 341/574/269 326/534/318 306/497/269
f 342/575/318 341/574/269 306/497/269
f 342/575/318 306/497/269 255/495/318
f 342/575/318 255/495/318 255/428/360
f 342/575/318 255/428/360 329/551/447
f 310/576/468 331/577/468 307/578/468
f 331/577/149 341/579/149 330/580/149
f 330/580/469 307/578/469 331/577/469
f 341/579/150 342/581/150 328/582/150
f 328/582/150 330/580/150 341/579/150
f 342/581/151 329/583/151 328/582/151
f 58/584/152 130/585/155 343/586/470
f 343/586/470 274/587/471 58/584/152
f 344/588/472 345/589/473 346/590/474
f 346/590/474 347/591/475 344/588/472
f 310/501/400 309/500/399 345/592/473
f 345/592/473 344/593/472 310/501/400
f 275/594/476 274/595/476 346/590/476
f 274/587/477 343/586/477 347/591/477
f 347/591/478 346/590/478 274/587/478
f 343/586/479 310/596/479 344/588/479
f 344/588/480 347/591/480 343/586/480
f 23/422/20 59/460/51 276/458/380
f 276/458/380 251/423/357 23/422/20
f 348/597/481 349/598/482 251/599/483
f 350/600/484 348/597/481 251/599/483
f 251/599/483 276/601/485 309/500/399
f 350/600/484 251/599/483 309/500/399
f 351/602/486 350/600/484 309/500/399
f 351/602/486 309/500/399 308/499/398
f 352/603/487 353/604/488 247/416/355
f 354/605/489 352/603/487 247/416/355
f 354/605/489 247/416/355 252/606/490
f 355/607/491 354/605/489 252/606/490
f 355/607/491 252/606/490 251/599/483
f 355/607/491 251/599/483 349/598/482
f 356/608/492 357/609/493 258/610/494
f 356/608/492 258/610/494 252/606/490
f 358/611/495 356/608/492 252/606/490
f 359/612/496 358/611/495 252/606/490
f 359/612/496 252/606/490 247/416/355
f 360/613/497 359/612/496 247/416/355
f 239/450/375 258/610/494 357/609/493
f 239/450/375 357/609/493 361/614/498
f 270/451/376 239/450/375 361/614/498
f 270/451/376 361/614/498 362/615/499
f 270/451/376 362/615/499 363/616/500
f 364/617/501 365/618/501 366/619/501
f 366/619/502 367/620/502 364/617/502
f 368/621/503 367/620/503 366/619/503
f 366/619/504 369/622/504 370/623/504
f 368/621/505 366/619/505 370/623/505
f 371/624/506 368/621/506 370/623/506
f 307/498/397 329/551/447 308/499/398
f 255/428/360 254/427/359 351/602/486
f 329/551/447 255/428/360 351/602/486
f 308/499/398 329/551/447 351/602/486
f 351/602/486 254/427/359 247/416/355
f 247/416/355 353/604/488 351/602/486
f 246/415/354 363/616/500 360/613/497
f 360/613/497 247/416/355 246/415/354
f 363/616/500 246/415/354 270/451/376
f 350/600/507 351/602/507 266/445/507
f 266/445/508 279/463/508 350/600/508
f 351/602/509 353/604/509 267/446/509
f 267/446/510 266/445/510 351/602/510
f 353/604/511 352/603/511 262/441/511
f 262/441/512 267/446/512 353/604/512
f 352/603/513 354/605/513 263/442/513
f 263/442/514 262/441/514 352/603/514
f 354/605/515 355/607/515 264/443/515
f 264/443/516 263/442/516 354/605/516
f 355/607/517 349/598/517 265/444/517
f 265/444/518 264/443/518 355/607/518
f 349/598/519 348/597/519 278/462/519
f 278/462/520 265/444/520 349/598/520
f 348/597/521 350/600/521 279/463/521
f 279/463/522 278/462/522 348/597/522
f 356/608/523 358/611/523 370/623/523
f 370/623/524 369/622/524 356/608/524
f 358/611/525 359/612/525 371/624/525
f 371/624/526 370/623/526 358/611/526
f 359/612/527 360/613/527 368/621/527
f 368/621/528 371/624/528 359/612/528
f 360/613/529 363/616/529 367/620/529
f 367/620/530 368/621/530 360/613/530
f 363/616/531 362/615/531 364/617/531
f 364/617/532 367/620/532 363/616/532
f 362/615/533 361/614/533 365/618/533
f 365/618/534 364/617/534 362/615/534
f 361/614/535 357/609/535 366/619/535
f 366/619/536 365/618/536 361/614/536
f 357/609/537 356/608/537 369/622/537
f 369/622/538 366/619/538 357/609/538
f 372/625/539 373/626/539 374/627/539
f 374/627/540 375/628/540 376/629/540
f 376/629/539 377/630/539 378/631/539
f 374/627/541 376/629/541 378/631/541
f 372/625/541 374/627/541 378/631/541
f 379/632/540 372/625/540 378/631/540
f 340/572/542 339/571/543 380/633/544
f 380/633/544 381/634/545 340/572/542
f 244/413/352 382/635/546 383/636/547
f 339/571/543 244/413/352 383/636/547
f 339/571/543 383/636/547 384/637/548
f 244/413/352 243/411/351 385/638/549
f 385/638/549 386/639/550 382/635/546
f 244/413/352 385/638/549 382/635/546
f 243/411/351 340/572/542 387/640/551
f 387/640/551 388/641/552 243/411/351
f 381/642/553 380/643/553 375/644/553
f 375/644/554 374/645/554 381/642/554
f 384/646/555 383/647/555 377/648/555
f 377/648/556 376/649/556 384/646/556
f 386/650/557 385/651/557 379/652/557
f 379/652/558 378/653/558 386/650/558
f 388/654/559 387/655/559 373/656/559
f 373/656/560 372/657/560 388/654/560
f 315/658/561 314/659/561 302/660/561
f 302/660/562 301/661/562 336/662/562
f 340/663/345 243/664/345 242/665/345
f 336/662/563 340/663/563 242/665/563
f 302/660/564 336/662/564 242/665/564
f 315/658/565 302/660/565 242/665/565
f 389/666/566 315/658/566 242/665/566
f 111/667/567 389/668/567 260/438/567
f 260/438/567 38/437/567 111/667/567
f 389/666/353 242/665/353 261/439/353
f 261/439/318 260/438/318 389/666/318
f 242/669/568 14/670/568 39/440/568
f 39/440/569 261/439/569 242/669/569
f 309/671/570 275/594/570 346/590/570
f 346/590/571 345/589/571 309/671/571
f 275/457/379 309/672/572 276/458/380
f 390/673/573 338/674/574 337/675/575
f 337/675/575 391/676/576 390/673/573
f 391/676/576 337/675/575 310/596/577
f 310/596/577 343/586/470 391/676/576
f 391/676/576 343/586/470 130/585/155
f 130/585/155 82/487/68 300/490/396
f 391/676/576 130/585/155 300/490/396
f 85/488/71 10/677/264 244/678/578
f 299/489/395 85/488/71 244/678/578
f 390/673/573 299/489/395 244/678/578
f 390/673/573 244/678/578 339/679/579
f 339/679/579 338/674/574 390/673/573
f 311/502/353 326/534/318 333/573/318
f 333/573/318 312/503/353 311/502/353
f 337/564/459 338/567/462 334/570/465
f 334/570/465 332/565/460 337/564/459
f 332/554/450 334/556/452 312/559/455
f 312/559/455 333/555/451 332/554/450
f 392/680/580 393/681/580 394/682/580
f 394/682/581 395/683/581 392/680/581
f 390/684/353 391/685/353 393/686/353
f 393/686/318 392/687/318 390/684/318
f 391/676/582 300/490/582 394/682/582
f 394/682/582 393/681/582 391/676/582
f 300/688/57 299/689/57 395/690/57
f 395/690/57 394/691/57 300/688/57
f 299/489/583 390/673/583 392/680/583
f 392/680/583 395/683/583 299/489/583
f 297/692/269 295/693/269 292/694/269
f 292/694/584 289/695/584 297/692/584
f 289/695/353 273/696/353 286/697/353
f 286/697/353 297/692/353 289/695/353
f 283/467/385 238/698/347 237/699/346
f 237/699/346 268/447/372 283/467/385
f 268/447/372 237/699/346 259/700/363
f 259/700/363 269/448/373 268/447/372
f 241/701/407 240/449/374 269/448/373
f 269/448/373 259/700/363 241/701/407
f 340/572/542 381/634/545 387/640/551
f 339/571/543 384/637/548 380/633/544
f 382/635/546 386/639/550 383/636/547
f 243/411/351 388/641/552 385/638/549
f 387/655/585 381/642/585 374/645/585
f 374/645/586 373/656/586 387/655/586
f 380/643/587 384/646/587 376/649/587
f 376/649/588 375/644/588 380/643/588
f 383/702/589 386/650/589 378/653/589
f 378/653/590 377/703/590 383/702/590
f 385/651/591 388/654/591 372/657/591
f 372/657/592 379/652/592 385/651/592
f 396/704/593 397/705/594 185/706/282
f 185/706/282 184/707/281 396/704/593
f 398/708/595 399/709/595 189/710/595
f 189/710/596 188/711/596 398/708/596
f 400/712/597 401/713/597 402/714/597
f 402/714/597 403/715/597 400/712/597
f 404/716/598 405/717/599 406/718/600
f 404/716/598 406/718/600 197/719/289
f 404/716/598 197/719/289 196/720/288
f 407/721/601 408/722/602 409/723/603
f 409/723/603 410/724/604 407/721/601
f 411/725/605 204/726/605 189/710/605
f 411/725/606 189/710/606 399/709/606
f 412/727/607 411/725/607 399/709/607
f 404/716/598 196/720/288 185/706/282
f 185/706/282 397/705/594 404/716/598
f 403/715/608 413/728/609 414/729/610
f 414/729/610 400/712/611 403/715/608
f 411/730/612 396/704/593 184/707/281
f 184/707/281 204/731/304 411/730/612
f 408/722/613 407/732/613 401/713/613
f 401/713/614 400/712/614 408/722/614
f 407/733/615 410/734/615 398/708/615
f 398/708/616 401/735/616 407/733/616
f 409/723/603 408/722/602 400/712/611
f 415/736/617 409/723/603 400/712/611
f 415/736/617 400/712/611 414/729/610
f 405/717/599 415/736/617 414/729/610
f 399/737/618 416/738/619 417/739/620
f 417/739/620 412/740/621 399/737/618
f 418/741/622 416/738/619 399/737/618
f 419/742/623 418/741/622 399/737/618
f 399/737/618 398/743/624 419/742/623
f 409/723/603 415/736/617 419/744/623
f 419/744/623 398/745/624 410/746/604
f 409/723/603 419/744/623 410/746/604
f 396/704/593 417/747/620 416/748/619
f 416/748/619 397/705/594 396/704/593
f 404/716/598 418/749/622 419/744/623
f 419/744/623 405/717/599 404/716/598
f 397/705/594 416/748/619 418/749/622
f 418/749/622 404/716/598 397/705/594
f 411/730/612 412/750/621 417/747/620
f 417/747/620 396/704/593 411/730/612
f 415/736/617 405/717/599 419/744/623
f 413/728/609 406/718/600 405/717/599
f 405/717/599 414/729/610 413/728/609
f 197/719/289 406/718/600 413/728/609
f 413/728/609 214/751/317 197/719/289
f 413/752/54 403/753/54 402/754/54
f 402/754/54 420/755/54 413/752/54
f 214/756/345 413/752/345 420/755/345
f 420/755/625 39/757/625 214/756/625
f 402/758/626 401/735/626 398/708/626
f 188/711/627 39/759/627 420/760/627
f 398/708/628 188/711/628 420/760/628
f 402/758/629 398/708/629 420/760/629
f 421/761/318 422/762/318 423/763/318
f 424/764/318 421/761/318 423/763/318
f 425/765/318 424/764/318 423/763/318
f 221/766/324 426/767/630 427/768/631
f 427/768/631 222/769/325 221/766/324
f 225/770/328 428/771/632 426/767/630
f 426/767/630 221/766/324 225/770/328
f 222/772/633 427/773/633 429/774/633
f 228/775/331 430/776/634 428/771/632
f 428/771/632 225/770/328 228/775/331
f 424/777/635 425/778/635 429/779/635
f 429/779/636 431/780/636 424/777/636
f 421/761/637 424/777/637 431/780/637
f 431/780/638 428/771/638 421/761/638
f 425/781/639 423/782/639 432/783/639
f 425/781/640 432/783/640 433/784/640
f 425/781/641 433/784/641 429/774/641
f 422/762/642 421/761/642 428/771/642
f 428/771/643 430/776/643 422/762/643
f 426/785/630 431/786/318 429/787/353
f 429/787/353 427/788/631 426/785/630
f 428/789/632 431/786/318 426/785/630
f 433/784/644 233/790/644 222/772/644
f 222/772/645 429/774/645 433/784/645
f 434/791/646 432/792/646 423/793/646
f 434/791/646 423/793/646 422/794/646
f 434/791/245 422/794/245 430/795/245
f 434/791/344 430/795/344 435/796/344
f 430/795/646 228/797/646 236/798/646
f 236/798/646 435/796/646 430/795/646
f 436/799/647 437/800/648 438/801/649
f 438/801/649 439/802/650 436/799/647
f 440/803/651 441/804/652 437/800/648
f 437/800/648 436/799/647 440/803/651
f 442/805/653 443/806/654 441/804/652
f 441/804/652 440/803/651 442/805/653
f 444/807/655 445/808/656 443/806/654
f 443/806/654 442/805/653 444/807/655
f 445/808/656 444/807/655 446/809/657
f 446/809/657 447/810/658 445/808/656
f 439/811/650 448/812/659 449/813/660
f 449/813/660 436/814/647 439/811/650
f 436/814/647 449/813/660 450/815/661
f 450/815/661 440/816/651 436/814/647
f 440/816/651 450/815/661 451/817/662
f 451/817/662 442/818/653 440/816/651
f 442/818/653 451/817/662 452/819/663
f 452/819/663 444/820/655 442/818/653
f 452/819/663 453/821/664 446/822/657
f 446/822/657 444/820/655 452/819/663
f 454/823/665 449/813/660 448/812/659
f 448/812/659 455/824/666 454/823/665
f 456/825/667 450/815/661 449/813/660
f 449/813/660 454/823/665 456/825/667
f 457/826/668 451/817/662 450/815/661
f 450/815/661 456/825/667 457/826/668
f 458/827/669 452/819/663 451/817/662
f 451/817/662 457/826/668 458/827/669
f 458/827/669 459/828/670 453/821/664
f 453/821/664 452/819/663 458/827/669
f 460/829/671 438/801/649 461/830/672
f 461/830/672 438/801/649 437/800/648
f 437/800/648 462/831/673 461/830/672
f 462/831/673 437/800/648 441/804/652
f 441/804/652 461/832/672 462/831/673
f 461/832/672 441/804/652 443/806/654
f 443/806/654 463/833/674 461/832/672
f 463/833/674 443/806/654 445/808/656
f 445/808/656 461/834/672 463/833/674
f 461/834/672 445/808/656 447/810/658
f 464/835/675 439/802/650 438/801/649
f 438/801/649 460/829/671 464/835/675
f 448/812/659 439/811/650 464/836/675
f 464/836/675 465/837/676 448/812/659
f 455/824/666 448/812/659 465/837/676
f 465/837/676 466/838/677 455/824/666
f 467/839/678 468/840/679 469/841/680
f 469/841/680 470/842/681 467/839/678
f 471/843/682 467/839/678 470/842/681
f 470/842/681 472/844/683 471/843/682
f 473/845/684 471/843/682 472/844/683
f 472/844/683 474/846/685 473/845/684
f 475/847/686 473/845/684 474/846/685
f 474/846/685 476/848/687 475/847/686
f 476/848/687 447/849/658 446/850/657
f 446/850/657 475/847/686 476/848/687
f 468/851/679 467/852/678 477/853/688
f 477/853/688 478/854/689 468/851/679
f 467/852/678 471/855/682 479/856/690
f 479/856/690 477/853/688 467/852/678
f 471/855/682 473/857/684 480/858/691
f 480/858/691 479/856/690 471/855/682
f 473/857/684 475/859/686 481/860/692
f 481/860/692 480/858/691 473/857/684
f 481/860/692 475/859/686 446/861/657
f 446/861/657 453/862/664 481/860/692
f 482/863/693 483/864/694 478/854/689
f 478/854/689 477/853/688 482/863/693
f 484/865/695 482/863/693 477/853/688
f 477/853/688 479/856/690 484/865/695
f 485/866/696 484/865/695 479/856/690
f 479/856/690 480/858/691 485/866/696
f 486/867/697 485/866/696 480/858/691
f 480/858/691 481/860/692 486/867/697
f 486/867/697 481/860/692 453/862/664
f 453/862/664 459/868/670 486/867/697
f 460/869/671 461/870/672 469/841/680
f 461/870/672 462/871/698 470/842/681
f 470/842/681 469/841/680 461/870/672
f 462/871/698 461/872/672 472/844/683
f 472/844/683 470/842/681 462/871/698
f 461/872/672 463/873/699 474/846/685
f 474/846/685 472/844/683 461/872/672
f 463/873/699 461/874/672 476/848/687
f 476/848/687 474/846/685 463/873/699
f 461/874/672 447/849/658 476/848/687
f 464/875/675 460/869/671 469/841/680
f 469/841/680 468/840/679 464/875/675
f 478/854/689 465/876/676 464/877/675
f 464/877/675 468/851/679 478/854/689
f 483/864/694 466/878/677 465/876/676
f 465/876/676 478/854/689 483/864/694
f 454/879/700 455/880/701 487/881/701
f 487/881/701 488/882/700 454/879/700
f 456/883/353 454/879/700 488/882/700
f 488/882/700 489/884/353 456/883/353
f 457/885/702 456/883/353 489/884/353
f 489/884/353 490/886/702 457/885/702
f 458/887/703 457/885/702 490/886/702
f 490/886/702 491/888/703 458/887/703
f 459/889/704 458/887/703 491/888/703
f 491/888/703 492/890/705 459/889/704
f 455/880/701 466/891/706 493/892/707
f 493/892/707 487/881/701 455/880/701
f 483/893/708 482/894/709 494/895/709
f 494/895/709 495/896/708 483/893/708
f 482/894/709 484/897/57 496/898/57
f 496/898/57 494/895/709 482/894/709
f 484/897/57 485/899/710 497/900/710
f 497/900/710 496/898/57 484/897/57
f 485/899/710 486/901/711 498/902/711
f 498/902/711 497/900/710 485/899/710
f 486/901/711 459/903/704 492/904/705
f 492/904/705 498/902/711 486/901/711
f 466/891/706 483/893/708 495/896/708
f 495/896/708 493/892/707 466/891/706
f 499/905/712 500/906/713 501/907/714
f 501/907/714 502/908/715 499/905/712
f 503/909/716 499/905/712 502/908/715
f 502/908/715 504/910/717 503/909/716
f 505/911/718 503/909/716 504/910/717
f 504/910/717 506/912/719 505/911/718
f 507/913/720 505/911/718 506/912/719
f 506/912/719 508/914/721 507/913/720
f 508/914/721 509/915/722 510/916/723
f 510/916/723 507/913/720 508/914/721
f 500/917/713 499/918/712 511/919/724
f 511/919/724 512/920/725 500/917/713
f 499/918/712 503/921/716 513/922/726
f 513/922/726 511/919/724 499/918/712
f 503/921/716 505/923/718 514/924/727
f 514/924/727 513/922/726 503/921/716
f 505/923/718 507/925/720 515/926/728
f 515/926/728 514/924/727 505/923/718
f 515/926/728 507/925/720 510/927/723
f 510/927/723 516/928/729 515/926/728
f 517/929/730 518/930/731 512/920/725
f 512/920/725 511/919/724 517/929/730
f 519/931/732 517/929/730 511/919/724
f 511/919/724 513/922/726 519/931/732
f 520/932/733 519/931/732 513/922/726
f 513/922/726 514/924/727 520/932/733
f 521/933/734 520/932/733 514/924/727
f 514/924/727 515/926/728 521/933/734
f 521/933/734 515/926/728 516/928/729
f 516/928/729 522/934/735 521/933/734
f 523/935/736 524/936/737 501/907/714
f 524/936/737 525/937/738 502/908/715
f 502/908/715 501/907/714 524/936/737
f 525/937/738 524/938/737 504/910/717
f 504/910/717 502/908/715 525/937/738
f 524/938/737 526/939/739 506/912/719
f 506/912/719 504/910/717 524/938/737
f 526/939/739 524/940/737 508/914/721
f 508/914/721 506/912/719 526/939/739
f 524/940/737 509/915/722 508/914/721
f 527/941/740 523/935/736 501/907/714
f 501/907/714 500/906/713 527/941/740
f 512/920/725 528/942/741 527/943/740
f 527/943/740 500/917/713 512/920/725
f 518/930/731 529/944/742 528/942/741
f 528/942/741 512/920/725 518/930/731
f 530/945/743 531/946/744 532/947/745
f 532/947/745 533/948/746 530/945/743
f 534/949/747 535/950/748 531/946/744
f 531/946/744 530/945/743 534/949/747
f 536/951/749 537/952/750 535/950/748
f 535/950/748 534/949/747 536/951/749
f 538/953/751 539/954/752 537/952/750
f 537/952/750 536/951/749 538/953/751
f 539/954/752 538/953/751 510/955/723
f 510/955/723 509/956/722 539/954/752
f 533/957/746 540/958/753 541/959/754
f 541/959/754 530/960/743 533/957/746
f 530/960/743 541/959/754 542/961/755
f 542/961/755 534/962/747 530/960/743
f 534/962/747 542/961/755 543/963/756
f 543/963/756 536/964/749 534/962/747
f 536/964/749 543/963/756 544/965/757
f 544/965/757 538/966/751 536/964/749
f 544/965/757 516/967/729 510/968/723
f 510/968/723 538/966/751 544/965/757
f 545/969/758 541/959/754 540/958/753
f 540/958/753 546/970/759 545/969/758
f 547/971/760 542/961/755 541/959/754
f 541/959/754 545/969/758 547/971/760
f 548/972/761 543/963/756 542/961/755
f 542/961/755 547/971/760 548/972/761
f 549/973/762 544/965/757 543/963/756
f 543/963/756 548/972/761 549/973/762
f 549/973/762 522/974/735 516/967/729
f 516/967/729 544/965/757 549/973/762
f 523/975/736 532/947/745 524/976/737
f 524/976/737 532/947/745 531/946/744
f 531/946/744 525/977/763 524/976/737
f 525/977/763 531/946/744 535/950/748
f 535/950/748 524/978/737 525/977/763
f 524/978/737 535/950/748 537/952/750
f 537/952/750 526/979/764 524/978/737
f 526/979/764 537/952/750 539/954/752
f 539/954/752 524/980/737 526/979/764
f 524/980/737 539/954/752 509/956/722
f 527/981/740 533/948/746 532/947/745
f 532/947/745 523/975/736 527/981/740
f 540/958/753 533/957/746 527/982/740
f 527/982/740 528/983/741 540/958/753
f 546/970/759 540/958/753 528/983/741
f 528/983/741 529/984/742 546/970/759
f 517/985/765 550/986/765 551/987/766
f 551/987/766 518/988/766 517/985/765
f 519/989/353 552/990/353 550/986/765
f 550/986/765 517/985/765 519/989/353
f 520/991/767 553/992/767 552/990/353
f 552/990/353 519/989/353 520/991/767
f 521/993/768 554/994/768 553/992/767
f 553/992/767 520/991/767 521/993/768
f 522/995/769 555/996/769 554/994/768
f 554/994/768 521/993/768 522/995/769
f 518/988/766 551/987/766 556/997/249
f 556/997/249 529/998/561 518/988/766
f 546/999/770 557/1000/770 558/1001/771
f 558/1001/771 545/1002/771 546/999/770
f 545/1002/771 558/1001/771 559/1003/14
f 559/1003/14 547/1004/14 545/1002/771
f 547/1004/14 559/1003/14 560/1005/772
f 560/1005/772 548/1006/772 547/1004/14
f 548/1006/772 560/1005/772 561/1007/773
f 561/1007/773 549/1008/773 548/1006/772
f 549/1008/773 561/1007/773 555/1009/769
f 555/1009/769 522/1010/769 549/1008/773
f 529/998/561 556/997/249 557/1000/770
f 557/1000/770 546/999/770 529/998/561
f 562/1011/774 563/1012/775 564/1013/775
f 564/1013/775 565/1014/774 562/1011/774
f 566/1015/776 562/1011/774 565/1014/774
f 565/1014/774 567/1016/776 566/1015/776
f 568/1017/567 566/1018/776 567/1019/776
f 567/1019/776 569/1020/777 568/1017/567
f 570/1021/778 568/1017/567 569/1020/777
f 569/1020/777 571/1022/778 570/1021/778
f 572/1023/779 570/1021/778 571/1022/778
f 571/1022/778 573/1024/779 572/1023/779
f 563/1012/775 572/1023/779 573/1024/779
f 573/1024/779 564/1013/775 563/1012/775
f 574/1025/774 575/1026/774 576/1027/224
f 576/1027/224 577/1028/224 574/1025/774
f 578/1029/776 579/1030/776 575/1026/774
f 575/1026/774 574/1025/774 578/1029/776
f 580/1031/567 581/1032/567 579/1033/776
f 579/1033/776 578/1034/776 580/1031/567
f 582/1035/778 583/1036/778 581/1032/567
f 581/1032/567 580/1031/567 582/1035/778
f 584/1037/779 585/1038/779 583/1036/778
f 583/1036/778 582/1035/778 584/1037/779
f 577/1028/224 576/1027/224 585/1038/779
f 585/1038/779 584/1037/779 577/1028/224
f 586/1039/776 587/1040/776 588/1041/777
f 588/1041/777 589/1042/777 586/1039/776
f 590/1043/774 591/1044/774 587/1040/776
f 587/1040/776 586/1039/776 590/1043/774
f 592/1045/224 593/1046/224 591/1047/774
f 591/1047/774 590/1048/774 592/1045/224
f 594/1049/779 595/1050/779 593/1046/224
f 593/1046/224 592/1045/224 594/1049/779
f 596/1051/778 597/1052/778 595/1050/779
f 595/1050/779 594/1049/779 596/1051/778
f 589/1042/777 588/1041/777 597/1052/778
f 597/1052/778 596/1051/778 589/1042/777
f 598/1053/776 599/1054/777 600/1055/777
f 600/1055/777 601/1056/776 598/1053/776
f 602/1057/774 598/1053/776 601/1056/776
f 601/1056/776 603/1058/774 602/1057/774
f 604/1059/775 602/1060/774 603/1061/774
f 603/1061/774 605/1062/224 604/1059/775
f 606/1063/779 604/1059/775 605/1062/224
f 605/1062/224 607/1064/779 606/1063/779
f 608/1065/780 606/1063/779 607/1064/779
f 607/1064/779 609/1066/778 608/1065/780
f 599/1054/777 608/1065/780 609/1066/778
f 609/1066/778 600/1055/777 599/1054/777
f 610/1067/781 611/1068/782 612/1069/783
f 610/1067/781 612/1069/783 613/1070/784
f 610/1067/781 613/1070/784 614/1071/785
f 614/1071/785 615/1072/786 616/1073/787
f 610/1067/781 614/1071/785 616/1073/787
f 617/1074/252 618/1075/252 619/1076/252
f 619/1076/252 620/1077/252 621/1078/252
f 617/1074/252 619/1076/252 621/1078/252
f 621/1078/777 622/1079/777 623/1080/777
f 617/1074/331 621/1078/331 623/1080/331
f 612/1069/783 619/1081/788 618/1082/789
f 618/1082/789 613/1070/784 612/1069/783
f 615/1072/786 614/1071/785 617/1083/790
f 617/1083/790 623/1084/791 615/1072/786
f 624/1085/792 625/1086/793 626/1087/794
f 626/1087/794 627/1088/795 624/1085/792
f 624/1085/792 627/1088/795 628/1089/796
f 615/1072/786 624/1085/792 628/1089/796
f 616/1073/787 615/1072/786 628/1089/796
f 622/1079/252 629/1090/252 626/1091/252
f 622/1079/252 626/1091/252 625/1092/252
f 623/1080/252 622/1079/252 625/1092/252
f 624/1085/792 615/1072/786 623/1084/791
f 623/1084/791 625/1086/793 624/1085/792
f 618/1082/789 617/1083/790 614/1071/785
f 614/1071/785 613/1070/784 618/1082/789
f 611/1068/782 610/1067/781 621/1093/797
f 621/1093/797 620/1094/54 611/1068/782
f 629/1095/798 622/1096/797 616/1073/787
f 616/1073/787 628/1089/796 629/1095/798
f 622/1096/797 621/1093/797 610/1067/781
f 610/1067/781 616/1073/787 622/1096/797
f 619/1097/788 612/1069/783 630/1098/799
f 630/1098/799 631/1099/800 619/1097/788
f 612/1069/783 611/1068/782 632/1100/801
f 632/1100/801 630/1098/799 612/1069/783
f 611/1068/782 620/1094/54 633/1101/54
f 633/1101/54 632/1100/801 611/1068/782
f 620/1077/802 619/1076/802 631/1102/802
f 631/1102/802 633/1103/802 620/1077/802
f 626/1087/794 629/1095/798 628/1089/796
f 628/1089/796 627/1088/795 626/1087/794
f 634/1104/803 635/1105/804 636/1106/805
f 637/1107/806 634/1104/803 636/1106/805
f 637/1107/806 636/1106/805 638/1108/807
f 637/1107/806 638/1108/807 639/1109/808
f 637/1107/806 639/1109/808 640/1110/809
f 641/1111/331 642/1112/331 643/1113/331
f 644/1114/777 641/1111/777 643/1113/777
f 643/1113/252 645/1115/252 646/1116/252
f 644/1114/252 643/1113/252 646/1116/252
f 644/1114/252 646/1116/252 647/1117/252
f 639/1109/808 638/1108/807 647/1118/810
f 647/1118/810 646/1119/811 639/1109/808
f 635/1105/804 641/1120/812 644/1121/813
f 644/1121/813 636/1106/805 635/1105/804
f 648/1122/814 649/1123/815 650/1124/816
f 650/1124/816 651/1125/817 648/1122/814
f 652/1126/818 649/1123/815 648/1122/814
f 652/1126/818 648/1122/814 635/1105/804
f 634/1104/803 652/1126/818 635/1105/804
f 650/1127/252 653/1128/252 642/1112/252
f 651/1129/252 650/1127/252 642/1112/252
f 641/1111/252 651/1129/252 642/1112/252
f 648/1122/814 651/1125/817 641/1120/812
f 641/1120/812 635/1105/804 648/1122/814
f 647/1118/810 638/1108/807 636/1106/805
f 636/1106/805 644/1121/813 647/1118/810
f 640/1110/809 645/1130/318 643/1131/819
f 643/1131/819 637/1107/806 640/1110/809
f 653/1132/820 652/1126/818 634/1104/803
f 634/1104/803 642/1133/819 653/1132/820
f 642/1133/819 634/1104/803 637/1107/806
f 637/1107/806 643/1131/819 642/1133/819
f 646/1134/811 654/1135/821 655/1136/822
f 655/1136/822 639/1109/808 646/1134/811
f 639/1109/808 655/1136/822 656/1137/823
f 656/1137/823 640/1110/809 639/1109/808
f 640/1110/809 656/1137/823 657/1138/318
f 657/1138/318 645/1130/318 640/1110/809
f 645/1115/824 657/1139/824 654/1140/824
f 654/1140/802 646/1116/802 645/1115/802
f 650/1124/816 649/1123/815 652/1126/818
f 652/1126/818 653/1132/820 650/1124/816
